{"current":{"show_announcement":true,"header_type":"logo_centered","footer_type":"type_1","logosvg":"<svg xmlns=\"http:\/\/www.w3.org\/2000\/svg\" viewbox=\"0 0 1247.31 277.08\"><g id=\"Layer_2\" data-name=\"Layer 2\"><g id=\"Layer_1-2\" data-name=\"Layer 1\"><path d=\"M38.09,2h16V84.2c0,32.61-16,42.64-37.18,42.64A55.83,55.83,0,0,1,0,124.1L2.37,111a33.39,33.39,0,0,0,13.31,2.37c14.21,0,22.41-6.56,22.41-30.62Z\"><\/path><path d=\"M276.65,63.24c0,40.82-26.06,63.6-57,63.6-33.17,0-55.22-26.06-55.22-62.69C164.39,26.42,187.9,0,221.8,0,256.79,0,276.65,27.7,276.65,63.24Zm-95.31.36c0,27.88,14.21,50.3,39.18,50.3,25.88,0,39.37-23.51,39.37-50.3,0-25.15-12.22-50.66-39.19-50.66C195.19,12.94,181.34,35.9,181.34,63.6Z\"><\/path><path d=\"M404.23,2V75.08c0,27.16,12,38.82,28.61,38.82,18,0,29.89-12,29.89-38.82V2h15.85V73.81c0,37.72-19.68,53-46.29,53-25.15,0-44.1-14.22-44.1-52.3V2Z\"><\/path><path d=\"M597.23,3.64c8.2-1.64,19.68-2.55,30.62-2.55,16.94,0,27.88,3.1,35.54,10C669.4,16.58,673,25,673,34.44c0,16.22-10.2,27-23.14,31.35v.36c9.47,3.46,15.13,12.39,18,25,4,17.31,6.93,29,9.47,33.71H661c-2-3.46-4.74-14-8.21-29.34-3.64-16.77-10.2-23.32-24.6-23.87H613.27v53.21h-16Zm16,56h16.22c17,0,27.7-9.3,27.7-23.32,0-16.05-11.48-22.79-28.25-23-7.83,0-13.12.73-15.67,1.46Z\"><\/path><path d=\"M786.41,124.83V2h17.67l39.19,62c8.93,14.58,16.21,27.52,22,40.1l.37-.18c-1.46-16.41-1.82-31.35-1.82-50.3V2h14.95V124.83h-16l-39-62.32c-8.56-13.67-16.76-27.71-23-41l-.54.18c.91,15.49,1.27,30.26,1.27,50.67v52.48Z\"><\/path><path d=\"M1061.05,67.24h-47.56v44.47h53.22v13.12H997.45V2H1064V15.12h-50.48v39h47.56Z\"><\/path><path d=\"M1241.66,67.24H1194.1v44.47h53.21v13.12h-69.25V2h66.52V15.12H1194.1v39h47.56Z\"><\/path><path d=\"M97.47,273.2c-3.89,1.82-11.67,3.88-21.76,3.88-23,0-40.35-14.7-40.35-41.56,0-25.65,17.38-42.9,42.78-42.9,10.09,0,16.65,2.07,19.44,3.52L95,204.77a38.38,38.38,0,0,0-16.52-3.4c-19.2,0-32,12.27-32,33.78,0,20.06,11.55,32.93,31.48,32.93,6.44,0,13-1.33,17.26-3.4Z\"><\/path><path d=\"M238.89,234.66c0,27.23-17.38,42.42-38,42.42-22.11,0-36.82-17.38-36.82-41.81,0-25.15,15.68-42.78,38.28-42.78C225.64,192.49,238.89,211,238.89,234.66Zm-63.56.25c0,18.59,9.48,33.54,26.13,33.54,17.26,0,26.25-15.68,26.25-33.54,0-16.77-8.14-33.78-26.13-33.78C184.57,201.13,175.33,216.44,175.33,234.91Z\"><\/path><path d=\"M313.24,193.84h10.69v72.91h35v9H313.24Z\"><\/path><path d=\"M431.33,193.84H442v72.91h35v9H431.33Z\"><\/path><path d=\"M591.84,237.34H560.12V267h35.49v8.75H549.43v-81.9h44.35v8.74H560.12v26h31.72Z\"><\/path><path d=\"M727.19,273.2c-3.88,1.82-11.66,3.88-21.75,3.88-23,0-40.35-14.7-40.35-41.56,0-25.65,17.38-42.9,42.78-42.9,10.09,0,16.65,2.07,19.44,3.52l-2.54,8.63a38.49,38.49,0,0,0-16.53-3.4c-19.21,0-32,12.27-32,33.78,0,20.06,11.54,32.93,31.47,32.93,6.44,0,13-1.33,17.26-3.4Z\"><\/path><path d=\"M820.13,202.82H795.22v-9h60.64v9h-25v72.92H820.13Z\"><\/path><path d=\"M936.28,193.84v81.9H925.59v-81.9Z\"><\/path><path d=\"M1085.5,234.66c0,27.23-17.38,42.42-38,42.42-22.12,0-36.82-17.38-36.82-41.81,0-25.15,15.68-42.78,38.27-42.78C1072.25,192.49,1085.5,211,1085.5,234.66Zm-63.56.25c0,18.59,9.48,33.54,26.13,33.54,17.25,0,26.24-15.68,26.24-33.54,0-16.77-8.14-33.78-26.12-33.78C1031.17,201.13,1021.94,216.44,1021.94,234.91Z\"><\/path><path d=\"M1159.84,275.74v-81.9h11.79l26.13,41.31a267.1,267.1,0,0,1,14.7,26.74l.25-.13c-1-10.93-1.22-20.9-1.22-33.53V193.84h10v81.9h-10.69l-26-41.56a259.58,259.58,0,0,1-15.31-27.34l-.36.12c.6,10.33.85,20.17.85,33.79v35Z\"><\/path><\/g><\/g><\/svg>","logo":"","mega_menu_1":true,"mega_menu_2":false,"mega_menu_3":false,"mega_menu_4":false,"mega_menu_5":false,"button_primary_padding":"regular","button_primary_bg_color":"#000000","button_primary_bg_color_transparency":100,"button_primary_border_color":"rgba(0,0,0,0)","button_primary_text_color":"#ffffff","button_primary_bg_color--highlight":"#606060","button_primary_bg_color_transparency--highlight":100,"button_primary_border_color--highlight":"rgba(0,0,0,0)","button_primary_text_color--highlight":"#ffffff","button_primary_border_radius":0,"button_secondary_padding":"regular","button_secondary_bg_color":"rgba(0,0,0,0)","button_secondary_bg_color_transparency":0,"button_secondary_border_color":"#000000","button_secondary_text_color":"#000000","button_secondary_bg_color--highlight":"#000000","button_secondary_bg_color_transparency--highlight":100,"button_secondary_border_color--highlight":"#000000","button_secondary_text_color--highlight":"#ffffff","button_secondary_border_radius":0,"button_link_padding":"regular","button_link_text_color":"#000000","button_link_text_color--highlight":"#ccc","button_link_underline_style":"solid","button_link_underline_thickness":1,"button_cart_padding":"regular","button_cart_bg_color":"#c70000","button_cart_bg_color--highlight":"#de1313","button_cart_border_color":"rgba(0,0,0,0)","button_cart_border_color--highlight":"rgba(0,0,0,0)","button_cart_text_color":"#fff","button_cart_text_color--highlight":"#fff","button_cart_border_radius":2,"body_text_color":"#000000","primary_color":"#000000","secondary_color":"#000000","title_color":"#000000","subtitle_color":"#000000","announcement_bg_color":"#1c1c80","footer_bg_color":"#1c1c80","animations_on":true,"social_instagram_link":"https:\/\/www.instagram.com\/journeecollectionshoes","social_youtube_link":"https:\/\/www.youtube.com\/channel\/UCRjthuwm1toiYfTvWnWot0g","social_facebook_link":"https:\/\/www.facebook.com\/JourneeCollectionShoes\/","brand_info_bg":"#ffffff","brand_info_icon":"","brand_info":"","favicon":"shopify:\/\/shop_images\/favicon.png","show_notification_bar":true,"minicart_notification_text":"Notification Text Here","phone_num":"","checkout_header_image":"","checkout_logo_image":"","checkout_logo_position":"left","checkout_logo_size":"medium","checkout_body_background_image":"","checkout_body_background_color":"#fff","checkout_input_background_color_mode":"white","checkout_sidebar_background_image":"","checkout_sidebar_background_color":"#fafafa","checkout_heading_font":"-apple-system, BlinkMacSystemFont, 'Segoe UI', Roboto, Helvetica, Arial, sans-serif, 'Apple Color Emoji', 'Segoe UI Emoji', 'Segoe UI Symbol'","checkout_body_font":"-apple-system, BlinkMacSystemFont, 'Segoe UI', Roboto, Helvetica, Arial, sans-serif, 'Apple Color Emoji', 'Segoe UI Emoji', 'Segoe UI Symbol'","checkout_accent_color":"#197bbd","checkout_button_color":"#197bbd","checkout_error_color":"#e32c2b","sections":{"ea-topbar":{"type":"ea-topbar","settings":{"topbar_text1":"<p><strong>Free Shipping on Orders Over $65 | 30% off Valentine&#x27;s Day Collection | Use code: VDAY30<\/strong><\/p>","topbar_text2":"<p><a href=\"\/account\/login\" title=\"View my account\">Account<\/a> | <a href=\"https:\/\/journeecollection.happyreturns.com\/\" title=\"Returns and Exchanges\">Returns <\/a><\/p>","topbar_text3":"","topbar_menu":""}},"ea-footer":{"type":"ea-footer","blocks":{"1588218601834":{"type":"menu","settings":{"menu":"booties"}},"1588218606725":{"type":"menu","settings":{"menu":"wide-fit-boots-and-shoes"}},"1600746927701":{"type":"menu","settings":{"menu":"main-menu"}},"57db15e2-71d1-4691-99fd-2b81bb091253":{"type":"menu","settings":{"menu":"footer"}}},"block_order":["1588218601834","1588218606725","1600746927701","57db15e2-71d1-4691-99fd-2b81bb091253"],"settings":{"svglogo":"","info":"<p>Questions? Drop a line... don&#x27;t be shy because we&#x27;d love to hear from you!<\/p>","showSocial":true,"phone_label":"Chat with us","phone_num":"(555) 555-1234","left_text":"<p><a href=\"\/pages\/return-policy\" title=\"Return Policy\" target=\"_blank\">Return Policy<\/a> | <a href=\"\/pages\/privacy-policy\" title=\"Privacy Policy\" target=\"_blank\">Privacy Statements<\/a><\/p>","right_text":"<p>©journee collection<\/p>"}},"1588196746310":{"type":"ea-gallery","blocks":{"1588196746310-0":{"type":"image","settings":{"image":"shopify:\/\/shop_images\/booties_main.jpg","hover_image":"shopify:\/\/shop_images\/Booties_Hover.jpg","link":"shopify:\/\/collections\/all-booties","title":"Booties"}},"1588196746310-2":{"type":"image","settings":{"image":"shopify:\/\/shop_images\/sneaker_main_1.jpg","hover_image":"shopify:\/\/shop_images\/sneaker_hover_ebd3c626-0573-455c-b344-e1f3643b51e2.jpg","link":"shopify:\/\/collections\/sneakers","title":"Sneakers"}},"1588196746310-1":{"type":"image","settings":{"image":"shopify:\/\/shop_images\/Heels_Main.jpg","hover_image":"shopify:\/\/shop_images\/Heels_hover.jpg","link":"shopify:\/\/collections\/heels","title":"Heels"}}},"block_order":["1588196746310-0","1588196746310-2","1588196746310-1"],"settings":{"visible":true,"title":"The Gang is All Here","text":"<p>Look no further for lazy day looks, girl-boss styles, and everyday companions...we’ve got you covered. <\/p>","ptop":130,"pbottom":0,"ptop_mob":0,"pbottom_mob":0,"full_width":false,"section_padding":true,"images_per_row":"3","gutter":true,"same_column_count":true,"zoom":false,"color_overlay":"#4f4f4f","color_overlay_hover":"#000000","color_overlay_text":"#ffffff","color_overlay_alpha":28}},"ea-ordering":{"type":"ea-ordering","settings":{}},"ea-product-main":{"type":"ea-product-main","blocks":{"1602026432414":{"type":"text","settings":{"text":"Fast Shipping","icon":"<svg xmlns=\"http:\/\/www.w3.org\/2000\/svg\" width=\"15.242\" height=\"25.254\" viewbox=\"0 0 15.242 25.254\">\n    <path d=\"M35.894 14a7.628 7.628 0 0 0-7.621 7.617c0 .129 0 .249.011.37a.35.35 0 0 0 .588.236 4.364 4.364 0 0 1 .517-.41l4.862 6.815h-2.968a1.416 1.416 0 0 0-1.414 1.414v7.8a1.416 1.416 0 0 0 1.414 1.414H40.5a1.416 1.416 0 0 0 1.414-1.414v-7.8a1.416 1.416 0 0 0-1.414-1.414h-2.89l4.76-6.678a5.176 5.176 0 0 1 .538.421.349.349 0 0 0 .364.066.352.352 0 0 0 .221-.3c.015-.173.022-.343.022-.523A7.629 7.629 0 0 0 35.894 14zm5.323 16.041v7.8a.714.714 0 0 1-.712.712h-9.222a.713.713 0 0 1-.712-.712v-7.8a.714.714 0 0 1 .712-.712h2.483v3.194a.351.351 0 0 0 .532.3l1.592-.955 1.592.955a.351.351 0 0 0 .532-.3v-3.194H40.5a.714.714 0 0 1 .714.712zm-6.1-1.414L30 21.46c.034-.016.067-.037.1-.053l.108-.048a4.354 4.354 0 0 1 .458-.166l.019-.005 4.959 6.982a.351.351 0 0 0 .573 0l4.844-6.832a4.6 4.6 0 0 1 .463.158l.108.045c.041.018.081.041.121.06l-5.005 7.026zm-3.677-7.6a4.334 4.334 0 0 1 .56-.034 4.6 4.6 0 0 1 3.672 1.815.348.348 0 0 0 .271.137h.007a.354.354 0 0 0 .27-.126 4.614 4.614 0 0 1 4.091-1.639l-4.383 6.182z\" transform=\"translate(-28.273 -14)\"><\/path>\n<\/svg>"}},"1602026433505":{"type":"text","settings":{"text":"60-Day Money Back","icon":"<svg xmlns=\"http:\/\/www.w3.org\/2000\/svg\" width=\"24.697\" height=\"24.748\" viewbox=\"0 0 24.697 24.748\">\n    <path d=\"M24.7 31.676v-1.622h-2.117v-1.093h3.71a1.69 1.69 0 0 0 0-3.38h-2.054a2.816 2.816 0 0 1 0-5.631h.461v-1.59h1.1v1.59h2.053v1.093h-3.648a1.69 1.69 0 0 0 0 3.38h2.053a2.816 2.816 0 0 1 0 5.631H25.8v1.623zM17.018 17.1a11.1 11.1 0 0 1 7.916-3.378h.132a11.2 11.2 0 0 1 7.784 3.113h-1.126v1.095l3.015-.034-.034-3.015h-1.093v1.159a12.335 12.335 0 0 0-20.637 6.36 12.563 12.563 0 0 0 .463 6.725l1.027-.365a11.19 11.19 0 0 1 2.553-11.66zm16.893 16.53a12.185 12.185 0 0 0 3.246-6.094 12.563 12.563 0 0 0-.463-6.725l-1.027.365a11.266 11.266 0 0 1-18.384 11.96h1.126v-1.093l-3.015.034.034 3.015h1.093v-1.16a12.4 12.4 0 0 0 17.39-.3z\" transform=\"translate(-12.718 -12.596)\"><\/path>\n<\/svg>"}},"1602026434211":{"type":"text","settings":{"text":"100% Secure Checkout","icon":"<svg xmlns=\"http:\/\/www.w3.org\/2000\/svg\" width=\"18.774\" height=\"20.648\" viewbox=\"0 0 18.774 20.648\">\n    <path d=\"M19.35 6a.466.466 0 0 0-.235.088 16.318 16.318 0 0 1-8.689 3.161.469.469 0 0 0-.426.466c0 5.356.973 9.052 2.633 11.681a13.329 13.329 0 0 0 6.578 5.214.468.468 0 0 0 .352 0 13.441 13.441 0 0 0 6.337-4.847c1.641-2.411 2.68-5.771 2.852-10.581a.472.472 0 0 0-.125-.337.466.466 0 0 0-.326-.15.472.472 0 0 0-.337.125.466.466 0 0 0-.15.326c-.168 4.691-1.175 7.862-2.691 10.09a12.323 12.323 0 0 1-5.734 4.429 12.2 12.2 0 0 1-5.957-4.765c-1.494-2.369-2.421-5.78-2.471-10.787a17.321 17.321 0 0 0 8.425-3.087 17.336 17.336 0 0 0 8.873 3.161.471.471 0 0 0 .088-.939 16.317 16.317 0 0 1-8.689-3.161A.473.473 0 0 0 19.35 6zm4.077 6.724a.473.473 0 0 0-.308.176l-4.4 5.294-1.951-1.877a.469.469 0 1 0-.653.675l2.317 2.229a.469.469 0 0 0 .682-.044l4.722-5.683a.47.47 0 0 0-.411-.77z\" transform=\"translate(-10 -5.996)\"><\/path>\n<\/svg>"}},"1602026434918":{"type":"text","settings":{"text":"Quality guaranteed","icon":"<svg xmlns=\"http:\/\/www.w3.org\/2000\/svg\" width=\"29.268\" height=\"26.735\" viewbox=\"0 0 29.268 26.735\">\n    <path d=\"M34.262 32.832c-.065-.7-1.242-1.555-3.492-2.549a20.779 20.779 0 0 0-3.86-1.345c-.166-.042-4.878-1.232-7-3.9-2.172-2.732-4.611-8.823-4.634-8.884a.112.112 0 0 0 0-.029l-.1-.244a17.81 17.81 0 0 0-4.922-6.712 1.336 1.336 0 0 0-1.736.031 15.225 15.225 0 0 0-2.4 2.722c-1.282 1.918-1.47 3.616-.565 5.053a18.506 18.506 0 0 1 1.525 5c.224 1.409.685 10.344.749 11.678a.176.176 0 0 0 .173.164h.6a.136.136 0 0 0 .137-.133c.025-1.207.234-10.195.426-11.3a2.459 2.459 0 0 1 .8-1.451.325.325 0 0 1 .436 0 12.376 12.376 0 0 1 2.572 3.085 26.447 26.447 0 0 1 1.951 5.2c.765 2.566 1.424 4.784 2.812 5.574a8.429 8.429 0 0 0 3.623.777q.459.019.956.019a33.665 33.665 0 0 0 3.9-.246c3.32-.394 6.5-1.19 7.606-1.889.316-.192.465-.406.446-.629zm-.683.3c-1.024.65-4.227 1.447-7.433 1.828-3.859.456-6.841.29-8.211-.5-1.242-.706-1.912-2.952-2.6-5.332a26.662 26.662 0 0 0-1.987-5.294c-1.324-2.379-3.715-4.134-5.457-5.414a9.046 9.046 0 0 1-1.951-1.667q-1.214-1.951.559-4.6a15.037 15.037 0 0 1 2.332-2.644.909.909 0 0 1 1.19-.023 17.37 17.37 0 0 1 4.757 6.549l.144.351c.384 1.04 3.775 10.155 5 11.81a4.576 4.576 0 0 0 3.831 1.893c.217 0 .434-.013.65-.036a8.066 8.066 0 0 0 2.2-.573 1 1 0 0 1 .65-.042 25.762 25.762 0 0 1 3.347 1.226 8.413 8.413 0 0 1 3.076 1.874.4.4 0 0 1-.09.588z\" transform=\"translate(-4.996 -8.861)\"><\/path>\n<\/svg>"}}},"block_order":["1602026432414","1602026433505","1602026434211","1602026434918"],"settings":{"ptop":0,"pbottom":80,"ptop_mob":20,"pbottom_mob":45,"sectionbg":"#ffffff","info":"","info2":"","recharge_info":"<p>If you are not satisfied with your Journee Collection purchase, you may return your purchase to us within 60 days for a full refund or exchange.  Your product must be returned unworn.<\/p>","zoom_image":true}},"ea-reviews":{"type":"ea-reviews","settings":{"visible":true,"ptop":45,"pbottom":45,"ptop_mob":45,"pbottom_mob":45,"sectionbg":"#ffffff","bg_image":"","fg_image":""}},"hero--collection":{"type":"hero--collection","blocks":{"1600889639006":{"type":"hero","settings":{"visible":true,"sectionbg":"#ffffff","image_top_desktop":0,"image_top_mobile":-110,"content_position":"middle-center","text_pos":"center","content_position_mobile":"middle-center","text_pos_mobile":"center","subtitle":"","title_large":false,"subtitle_large":false,"text_color":"#ffffff","btntop":45,"btntop_mobile":45,"btn":"BUY","white_btn":false,"large_btn":false}}},"block_order":["1600889639006"],"settings":{}},"ea-login":{"type":"ea-login","settings":{"ptop":45,"pbottom":45,"ptop_mob":45,"pbottom_mob":45,"contentbg":"#ffffff"}},"ea-login-forgot-password":{"type":"ea-login-forgot-password","settings":{"ptop":45,"pbottom":45,"ptop_mob":45,"pbottom_mob":45,"contentbg":"#ffffff","title":"Reset Password"}},"ea-benefits":{"type":"ea-benefits","blocks":{"1588284488695":{"type":"benefit","settings":{"title":"For True Patriots","text":"<p>The strongest weapon in the United States is a patriotic American. We make clothes for those who are proud to stand united with our brothers and sister who defend this great country.<\/p>","image":""}},"1588285322147":{"type":"benefit","settings":{"title":"Proudly Made","text":"<p>Print, packaging and shipping! We believe in providing the American people with premium quality products that represents everything this country stands for.<\/p>","image":""}},"1588518303438":{"type":"benefit","settings":{"title":"American Quality","text":"<p>These tees are made from 100% cotton with breathable performance. As our glorious nation, the inks resists the threats of fading from the sun and time. you&rsquo;ll have comfort, fit, and looks that last.<\/p>","image":""}},"1588518333020":{"type":"benefit","settings":{"title":"Tactical Designs","text":"<p>Your t-shirts say a lot about you. Let your beliefs shine with our designs that say you are a patriot! Just wearing our powerful graphic tees can make you a bold builder of American pride.<\/p>","image":""}}},"block_order":["1588284488695","1588285322147","1588518303438","1588518333020"],"settings":{"visible":true,"ptop":45,"pbottom":45,"sectionbg":"#ffffff","title":"MEN TEES FOR REAL PATRIOTS","text":"","bottom_image":""}},"ea-text-and-video":{"type":"ea-text-and-video","settings":{"visible":true,"ptop":45,"pbottom":45,"ptop_mob":45,"pbottom_mob":45,"video_url":"https:\/\/www.youtube.com\/watch?v=WGmsMyzT3mU","bgimage":"","sectionbg":"#ffffff","title":"<p>HIGH QUALITY<\/p>\n<p>PREMIUM SHIRTS<\/p>","text":"<p>Our distressed, heavyweight USA tshirts are designed, developed, and manufactured with the utmost care and attention to detail right here in the US. Our comfort-focused American flag clothes are for men or for women and are as durable as they come.<\/p>","btntop":45,"btnu":"\/","btn":"ORDER NOW"}},"ea-image-and-text":{"type":"ea-image-and-text","settings":{"visible":true,"ptop":45,"pbottom":45,"ptop_mob":45,"pbottom_mob":45,"sectionbg":"rgba(0,0,0,0)","textbg":"#f9ece2","image":"","image_pos":"right","top_label":"FITS TRUE TO SIZE!","title":"<p>EASY TO FOLLOW SIZING<\/p>","text":"<p>To&nbsp;<strong>determine which size to buy<\/strong>, see dimensions guide. Measurements are in inches and are measured when the shirt is lying flat on a hard surface. Width is measured armpit to armpit, and the length is measured from the very top of the shirt to the bottom.<\/p>","btntop":45,"btnu":"","btn":"ORDER NOW"}},"ea-related-products":{"type":"ea-related-products","settings":{"visible":true,"ptop":125,"pbottom":125,"ptop_mob":0,"pbottom_mob":45,"full_width":false,"sectionbg":"#ffffff","pretitle":"","title":"Related Products","text":"<p>Put some spring in your step with fun and casual styles!<\/p>","collection":"all-boots","product_count":"8"}},"ea-search-results":{"type":"ea-search-results","settings":{"ptop":45,"pbottom":45,"ptop_mob":45,"pbottom_mob":45,"sectionbg":"#ffffff"}},"ea-register":{"type":"ea-register","settings":{"ptop":45,"pbottom":45,"ptop_mob":45,"pbottom_mob":45,"contentbg":"#ffffff","title":"<p>Welcome To Journee<\/p>"}},"ea-megamenu":{"type":"ea-megamenu","blocks":{"1599683733947":{"type":"link","settings":{"title":"Shop","url":"#"}},"1599683784557":{"type":"link","settings":{"title":"New","url":"shopify:\/\/collections\/new-arrivals"}},"1599683756940":{"type":"link","settings":{"title":"About Us","url":"shopify:\/\/pages\/about-us-test"}},"bbd32d0d-c685-4b1a-8ff3-123f232c7f32":{"type":"link","settings":{"title":"Sale","url":"shopify:\/\/collections\/markdowns"}}},"block_order":["1599683733947","1599683784557","1599683756940","bbd32d0d-c685-4b1a-8ff3-123f232c7f32"],"settings":{}},"ea-megamenu-second":{"type":"ea-megamenu-second","settings":{}},"ea-megamenu--complex":{"type":"ea-megamenu--complex","blocks":{"1600725703949":{"type":"menu","settings":{"pre_link_label":"All Shoes","pre_link_url":"shopify:\/\/collections\/all","menu_1":"booties","menu_1_link":"shopify:\/\/collections\/all-booties"}},"1600725721600":{"type":"menu","settings":{"pre_link_label":"","menu_1":"boots-1","menu_1_link":"shopify:\/\/collections\/all-boots"}},"1600725731207":{"type":"menu","settings":{"pre_link_label":"","menu_1":"flats","menu_1_link":"shopify:\/\/collections\/all-flats"}},"ea-megamenu--complex-0":{"type":"menu","settings":{"pre_link_label":"","menu_1":"heels-1","menu_1_link":"shopify:\/\/collections\/heels"}},"cb5ab0b9-ce29-4dc0-9f72-88baa0940a0a":{"type":"menu","settings":{"pre_link_label":"","pre_link_url":"shopify:\/\/collections\/sneakers","menu_1":"sneakers","menu_1_link":"shopify:\/\/collections\/sneakers"}},"1600725739592":{"type":"menu","settings":{"pre_link_label":"","menu_1":"sandals","menu_1_link":"shopify:\/\/collections\/all-sandals"}},"c6b2e866-5ac1-4a97-9b8f-824e4bd7aa68":{"type":"menu","settings":{"pre_link_label":"","menu_1":"wide-fit-boots-and-shoes","menu_1_link":"shopify:\/\/collections\/wide-fit-boots-and-shoes"}},"1600725754285":{"type":"image","settings":{"image":"shopify:\/\/shop_images\/PNS04644_600x600_content_crop.jpg","image_link":"shopify:\/\/collections\/slippers","image_caption":"<p>Slippers are here!<\/p>"}}},"block_order":["1600725703949","1600725721600","1600725731207","ea-megamenu--complex-0","cb5ab0b9-ce29-4dc0-9f72-88baa0940a0a","1600725739592","c6b2e866-5ac1-4a97-9b8f-824e4bd7aa68","1600725754285"],"settings":{"parent_link":"Shop","enable_mega_menu_border":false,"mega_menu_background_color":"#ffffff","mega_menu_text_color":"#231f20","show_mega_bottom_bar":false,"mega_bottom_bar_icon":"","mega_bottom_bar_text":"Add your deal, information or promotional text","size":"regular","bottom_banner_bg":"#007ace","bottom_banner_text":"#efefef","css_class":"","custom_css":""}},"ea-copyright":{"type":"ea-copyright","settings":{"copyright_text":""}},"1599594683286":{"type":"ea-hero","blocks":{"1599594713027":{"type":"hero","settings":{"visible":true,"sectionbg":"#ffffff","hero_image_lg":"shopify:\/\/shop_images\/valentines-sale-journee-collection-womens-shoes.gif","hero_image":"shopify:\/\/shop_images\/valentines-sale-journee-collection-womens-shoes.gif","image_top_desktop":0,"image_top_mobile":0,"content_position":"bottom-right","text_pos":"right","content_position_mobile":"bottom-right","text_pos_mobile":"right","pretitle":"","title":"","title_large":false,"title_max_width":400,"title_max_width_mobile":300,"subtitle":"","subtitle_large":false,"subtitle_max_width":400,"subtitle_max_width_mobile":300,"white_text":false,"btntop":45,"btntop_mobile":45,"btnu":"shopify:\/\/collections\/valentines-date-night","btn":"","white_btn":false,"large_btn":false}}},"block_order":["1599594713027"],"settings":{"show_page_scroll_btn":false,"scroll_btn_color":"#ffffff","scroll_btn_pos":"bottom-center"}},"product-meta-features":{"type":"product-meta-features","settings":{"visible":false,"ptop":45,"pbottom":45,"ptop_mob":45,"pbottom_mob":45,"sectionbg":"#ffffff"}},"product-perfect-style":{"type":"product-perfect-style","settings":{"visible":false,"ptop":45,"pbottom":45,"ptop_mob":45,"pbottom_mob":45,"sectionbg":"#ffffff","tri_height":200,"tri_height_mobile":200}},"ea-product-recommendations":{"type":"ea-product-recommendations","settings":{"visible":false,"ptop":45,"pbottom":45,"ptop_mob":45,"pbottom_mob":45,"sectionbg":"#ffffff","title":"Title","subtitle":"","related_count":5}},"1599676099621":{"type":"ea-featured-products","settings":{"visible":true,"ptop":100,"pbottom":45,"ptop_mob":45,"pbottom_mob":45,"full_width":false,"sectionbg":"#ffffff","pretitle":"","title":"New Styles","text":"<p>New styles that are practically calling your name.<\/p>","text_align":"ta-center","collection":"new-arrivals","product_count":"6","enable_price":true,"enable_variant":false}},"1599679188180":{"type":"find-your-pecfect","blocks":{"1599679222000":{"type":"image","settings":{"bg_img":"shopify:\/\/shop_images\/Sneakers_footer_1.jpg","title":"Sneaker Shop","text":"<p>Printed sneaks that<\/p><p>are practically perfect<\/p>","btn_text":"Learn More","link":"shopify:\/\/collections\/sneakers","content_position":"bottom-right","text_align":"right","mob_content_position":"middle-center","mob_text_align":"center","text_color":"#0c1539","btn_color":"#231f20","mob_text_color":"#ffffff","mob_btn_color":"#ffffff"}},"1599680554084":{"type":"image","settings":{"bg_img":"shopify:\/\/shop_images\/1B5A0375_square_crop.jpg","title":"Heel Shop","text":"<p>These classic heels give you a lift and provide the perfect pick-me-up...<\/p>","btn_text":"Learn More","link":"shopify:\/\/collections\/heels","content_position":"top-left","text_align":"left","mob_content_position":"middle-center","mob_text_align":"center","text_color":"#0c1539","btn_color":"#231f20","mob_text_color":"#ffffff","mob_btn_color":"#ffffff"}}},"block_order":["1599679222000","1599680554084"],"settings":{"title":"This just in...","subtitle":"","text_max_width":350,"text_max_width_mobile":200,"tri_height":100,"tri_height_mobile":200}},"ea-newsletter":{"type":"ea-newsletter","settings":{"visible":true,"bgimage":"shopify:\/\/shop_images\/email_test.jpg","mobile_bgimage":"shopify:\/\/shop_images\/Newsletter-image-mobile-overlay.jpg","title":"<p>Let’s Stay in Touch<\/p>","top_spacing":30,"bottom_spacing":30,"pretitle":"<p>Fresh styles are landing very soon... are you as excited as we are?  Be the first to know about our fresh styles and special deals by joining our email list. <\/p>","placeholder":"Enter your email","btn":""}},"1599829807560":{"type":"ea-image-with-text","settings":{"visible":true,"ptop":135,"pbottom":0,"ptop_mob":50,"pbottom_mob":0,"sectionbg":"#ffffff","image":"shopify:\/\/shop_images\/PNS05355_crop.jpg","image_pos":"left","mob_content_pos":"middle center","heading":"Slippers","content":"<p>Work from home wear and snuggly off-duty looks...<\/p>","button_text":"Shop Now","button_link":"shopify:\/\/collections\/slippers","text_align":"left","mob_text_align":"center","text_color":"#000000","btn_color":"#000000","btn_border":"#0c1539","btn_bg":"rgba(0,0,0,0)","mob_text_color":"#ffffff","mob_btn_color":"#ffffff","mob_btn_border":"rgba(0,0,0,0)","mob_btn_bg":"#0c1539"}},"1599831196104":{"type":"ea-image-with-text","settings":{"visible":true,"ptop":165,"pbottom":45,"ptop_mob":45,"pbottom_mob":45,"sectionbg":"#ffffff","image":"shopify:\/\/shop_images\/sneaker_feature_with_copy.jpg","image_pos":"right","mob_content_pos":"middle center","heading":"Kicks","content":"<p>Cool kicks that not only make you feel good... they make you look good too. <\/p>","button_text":"Shop Now","button_link":"shopify:\/\/collections\/sneakers","text_align":"left","mob_text_align":"center","text_color":"#000000","btn_color":"#000000","btn_border":"#0c1539","btn_bg":"rgba(0,0,0,0)","mob_text_color":"#ffffff","mob_btn_color":"#ffffff","mob_btn_border":"rgba(0,0,0,0)","mob_btn_bg":"#0c1539"}},"ea-collection":{"type":"ea-collection","settings":{"visible":true,"ptop":0,"pbottom":0,"ptop_mob":45,"pbottom_mob":45,"sectionbg":"#ffffff","show_product_price":true,"show_product_info":true}},"page-aboutus-image-with-text-deflect":{"type":"page-aboutus-image-with-text-deflect","blocks":{"1600873458046":{"type":"text-block","settings":{"title":"How It All Started","content":"<p>Our story began in 2001 when a fiery young graduate started a small business offering women&#x27;s dresses, blouses, tops, outerwear, and, eventually, footwear. Since then, we&#x27;ve changed a lot, but our goal has always been the same: to empower women by offering imaginative styles that ignite confidence at an attainable price. <\/p><p>After several years working with customers, something became clear; inclusive sizing and fair prices were missing in the shoe industry. So we created the Journee Collection brand to fulfill that need.<\/p>"}},"1600873477614":{"type":"text-block","settings":{"title":"Who Says You Can't Have It All?","content":"<p>Our in-house design team carefully details each Journee Collection shoe with your journey in mind, which is why we offer comfortable, versatile products in sizes that celebrate body positivity and self-love. True to our name, our design team has carved a path to provide up-scale styles at fair prices. After several rounds of testing unique fabrics, negotiating, and design adjustments, if we can&#x27;t achieve a high standard of quality and offer it to you at an excellent value, we just won&#x27;t make it- because you deserve the best!  <\/p><p>Even though we design the shoes, you call the shots...and that&#x27;s how we roll! By drawing inspiration from the lifestyles of mothers, working women, young adventurers, and students, we&#x27;ve joyfully created over 600 styles in dozens of colors and patterns so that you always have the freedom to choose (without compromising).   <\/p>"}},"1600873480112":{"type":"text-block","settings":{"title":"Where Will Your Shoes Take You?","content":"<p>We believe that shoes are so much more than footwear- shoes can change your path. From comfortable everyday companions to impressionable special occasions looks, our collections include styles made to elevate your experiences. So, go ahead! Trust your instincts, dance in the rain, or apply for your dream job...just don&#x27;t forget to enjoy the journey along the way.  <\/p>"}}},"block_order":["1600873458046","1600873477614","1600873480112"],"settings":{"visible":true,"ptop":75,"pbottom":0,"ptop_mob":45,"pbottom_mob":0,"sectionbg":"#ffffff","image":"shopify:\/\/shop_images\/Group_5810.jpg","mobile_image":"shopify:\/\/shop_images\/Journee-Collection-Fall-Styles3.jpg","heading":"","image_pos":"left"}},"page-aboutus-image-with-text-1":{"type":"page-aboutus-image-with-text-1","settings":{"visible":true,"ptop":130,"pbottom":0,"ptop_mob":45,"pbottom_mob":0,"sectionbg":"#ffffff","image_pos":"right","mob_content_pos":"top center","heading":"She Is Very Much Herself.","content":"<p>Lorem ipsum dolor sit amet, consectetur adipiscing elit, sed do eiusmod tempor incididunt ut labore et dolore magna aliqua.<\/p>","button_text":"Shop Now","button_link":"shopify:\/\/pages\/home-sale","text_align":"left","mob_text_align":"center","text_color":"#0c1539","btn_color":"#0c1539","btn_border":"#0c1539","btn_bg":"transparent","mob_text_color":"#FFF","mob_btn_color":"#FFF","mob_btn_border":"transparent","mob_btn_bg":"#0c1539"}},"page-aboutus-image-with-text-2":{"type":"page-aboutus-image-with-text-2","settings":{"visible":true,"ptop":130,"pbottom":0,"ptop_mob":45,"pbottom_mob":0,"sectionbg":"#ffffff","image_pos":"left","mob_content_pos":"top center","heading":"Practical, But Never Ordinary.","content":"<p>Lorem ipsum dolor sit amet, consectetur adipiscing elit, sed do eiusmod tempor incididunt ut labore et dolore magna aliqua.<\/p>","button_text":"Shop Now","button_link":"shopify:\/\/pages\/home-sale","text_align":"left","mob_text_align":"center","text_color":"#0c1539","btn_color":"#0c1539","btn_border":"#0c1539","btn_bg":"transparent","mob_text_color":"#FFF","mob_btn_color":"#FFF","mob_btn_border":"transparent","mob_btn_bg":"#0c1539"}},"page-aboutus-featured-collections":{"type":"page-aboutus-featured-collections","settings":{"visible":true,"ptop":135,"pbottom":0,"ptop_mob":45,"pbottom_mob":0,"full_width":false,"sectionbg":"#ffffff","pretitle":"","title":"Spring Styles","text":"<p>Put some spring in your step with fun and casual styles!<\/p>","text_align":"ta-center","collection":"spring-shoes","product_count":"6","enable_price":true,"enable_variant":false}},"logos-with-text":{"type":"logos-with-text","blocks":{"5778f5f8-ac49-47fb-995c-fd1374bde68b":{"type":"logo","settings":{"text":""}}},"block_order":["5778f5f8-ac49-47fb-995c-fd1374bde68b"],"settings":{"visible":false,"ptop":0,"pbottom":70,"ptop_mob":80,"pbottom_mob":45,"sectionbg":"#ffffff"}},"page-faq-banner-with-text":{"type":"page-faq-banner-with-text","settings":{"visible":true,"ptop":105,"pbottom":0,"ptop_mob":0,"pbottom_mob":0,"sectionbg":"#ffffff","image":"shopify:\/\/shop_images\/12.jpg","mobile_image":"shopify:\/\/shop_images\/2.jpg","text_pos":"bottom center","text_alignment":"center","heading":"<p>Frequently Asked Questions<\/p>","content":"","button_text":""}},"ea-faq":{"type":"ea-faq","blocks":{"1600882946461":{"type":"order","settings":{"title":"Do I have to pay shipping fees for a return?","answer":"<p>Great news, for first-time shoppers and customers who process with Happy Returns, the fees are on us! A small shipping fee will apply to other returns.  <\/p>"}},"1600882973550":{"type":"order","settings":{"title":"My shoes look damaged\/defective, what do I do?","answer":"<p>Oh no! We&#x27;re sorry. But don&#x27;t worry…our team can help. Please message us at <a href=\"mailto:customercare@journeecollection.com\" target=\"_blank\"><span style=\"text-decoration:underline\">customercare@journeecollection.com<\/span><\/a>.  <\/p>"}},"1600882982203":{"type":"order","settings":{"title":"I need a wide-calf boot, which size is right for me?","answer":"<p>Finding your perfect fit is easy! Check out our sizing chart on the item pages.  <\/p>"}},"1600882990206":{"type":"order","settings":{"title":"I bought some Journee Collection shoes on another site, can I return them to you?","answer":"<p>As much as we love hearing from you, returns from other sites must be processed with the original site.<\/p>"}},"1600883004601":{"type":"order","settings":{"title":"Are Journee Collection shoes waterproof?","answer":"<p>Our rubber rain boots are storm-ready, and our snow boots are designed to resist the cold.  <\/p><p>- But if you want to be super safe with our vegan and fabric styles, be sure to coat your new shoes with a waterproof spray.<\/p>"}},"1600883010078":{"type":"order","settings":{"title":"I live on a military base. Will that change the shipping time?","answer":"<p>Even though we hustle to get your new shoes on your feet, delivery&#x27;s to APO Military address can take up to 60 days to arrive, but you know what they say, the best things in life take time. <\/p>"}},"1600883032027":{"type":"shipping","settings":{"title":"Shipping Process Time","answer":"<p>We know you have fabulous plans for your new shoes. That&#x27;s why we do our best to process orders within 2-3 business days (except for holidays and weekends, of course.) With the free shipping option, your new shoes will show up on your doorstep within 3-10 business days.  <\/p><p>You may encounter delayed delivery times due to the impact of COVID-19.   <\/p><p>We wish it weren&#x27;t so, but we promise they&#x27;re worth the wait! <\/p>"}},"1600883052603":{"type":"subscription","settings":{"title":"How do I contact customer service?","answer":"<p>Questions? Drop a line... don&#x27;t be shy because we&#x27;d love to hear from you! <\/p>"}},"1600883065169":{"type":"sustainability","settings":{"title":"Sustainability","answer":"<p>When you open a Journee Collection box, you can be sure that your new shoes will not only uplift you but your community. Thanks to our new friends at ONE TREE PLANTED, a tree is planted in our community with every Journee Collection purchase (big or small).   <\/p><p>That&#x27;s not all we&#x27;ve done to help; we&#x27;ve changed our shipping process too. Each and every Journee Collection order is shipped with minimal packaging made with 100% recycled materials to reduce waste and lessen our carbon footprint. Because by giving back to local causes and breaking away from wasteful industry practices, we can make the world a better place, so long as we have a good pair of shoes on our feet.<\/p>"}}},"block_order":["1600882946461","1600882973550","1600882982203","1600882990206","1600883004601","1600883010078","1600883032027","1600883052603","1600883065169"],"settings":{"visible":true,"ptop":0,"pbottom":45,"ptop_mob":0,"pbottom_mob":45,"sectionbg":"#ffffff","btntop":45,"btn":""}},"page-faq-favorite-collections":{"type":"page-faq-favorite-collections","blocks":{"1600883286870":{"type":"image","settings":{"image":"shopify:\/\/shop_images\/Journee-Collection-Booties.jpg","hover_image":"shopify:\/\/shop_images\/Journee-Collection-Booties2.jpg","link":"shopify:\/\/products\/aalie","title":"Booties"}},"1600883323660":{"type":"image","settings":{"image":"shopify:\/\/shop_images\/favorites_heels.jpg","hover_image":"shopify:\/\/shop_images\/miranda-red.jpg","link":"shopify:\/\/collections","title":"Heels"}},"1600883350430":{"type":"image","settings":{"image":"shopify:\/\/shop_images\/favorites_flats.jpg","hover_image":"shopify:\/\/shop_images\/tayleen-tan.jpg","link":"shopify:\/\/collections","title":"Flats"}}},"block_order":["1600883286870","1600883323660","1600883350430"],"settings":{"visible":true,"title":"Our Favorites","text":"<p>Look no further for lazy day looks, girl-boss styles, and everyday companions...we’ve got you covered. <\/p>","ptop":45,"pbottom":105,"ptop_mob":45,"pbottom_mob":65,"full_width":false,"section_padding":true,"images_per_row":"3","gutter":true,"same_column_count":false,"zoom":true,"color_overlay":"#4f4f4f","color_overlay_hover":"#000000","color_overlay_text":"#ffffff","color_overlay_alpha":0}},"collection-template-boost-pfs-filter":{"type":"collection-template-boost-pfs-filter","settings":{"products_per_page":24,"products_per_row":3,"products_per_row_mobile":2,"show_vendor":false,"show_price":true,"show_sale_label":true,"show_sold_out_label":true,"active_image_swap":true,"show_sorting":true,"soldout_label":"Sold out","sale_label":"Sale","from":"from","display_item_swatch":true,"swatch_color_display_type":"swatch_color_display_type_image","swatch_color_hover_change_image":true,"show_collection_image":true,"collection_image_text_color":"","enable_equal_height":true,"equal_height_crop_image_position":"center"}},"16032156250e88de40":{"type":"foursixty-fp","settings":{"title":"Shop Our Instagram","subtitle":"SHOP AND SHARE YOUR FAVORITE STYLES ON INSTAGRAM! MAKE SURE TO TAG YOUR PHOTO @JOURNEECOLLECTION"}},"ea-blog-featured":{"type":"ea-blog-featured","settings":{"visible":true,"ptop":45,"pbottom":45,"ptop_mob":45,"pbottom_mob":45,"sectionbg":"#ffffff"}},"ea-blog-main":{"type":"ea-blog-main","settings":{"ptop":45,"pbottom":45,"ptop_mob":45,"pbottom_mob":45,"sectionbg":"#ffffff","posts_per_row":3,"posts_per_row_mobile":1,"blog_posts_per_page":12}},"ea-page-contact":{"type":"ea-page-contact","settings":{"ptop":45,"pbottom":45,"ptop_mob":45,"pbottom_mob":45,"sectionbg":"#ffffff","title":"<p>Contact Us<\/p>","subtitle":"<p>Questions? No need to fret because we&#x27;ve got answers.<\/p>","image":"shopify:\/\/shop_images\/20190317_MAX_BONE_DOG_SWEATERS_0139-3.jpg","btn":"SEND"}}},"content_for_index":["1599594683286","1588196746310","1599829807560","1599831196104","1599676099621","1599679188180","16032156250e88de40"]}}