{"current":{"show_announcement":true,"header_type":"logo_centered","footer_type":"type_1","logosvg":"<svg xmlns=\"http:\/\/www.w3.org\/2000\/svg\" viewbox=\"0 0 1247.31 277.08\"><g id=\"Layer_2\" data-name=\"Layer 2\"><g id=\"Layer_1-2\" data-name=\"Layer 1\"><path d=\"M38.09,2h16V84.2c0,32.61-16,42.64-37.18,42.64A55.83,55.83,0,0,1,0,124.1L2.37,111a33.39,33.39,0,0,0,13.31,2.37c14.21,0,22.41-6.56,22.41-30.62Z\"><\/path><path d=\"M276.65,63.24c0,40.82-26.06,63.6-57,63.6-33.17,0-55.22-26.06-55.22-62.69C164.39,26.42,187.9,0,221.8,0,256.79,0,276.65,27.7,276.65,63.24Zm-95.31.36c0,27.88,14.21,50.3,39.18,50.3,25.88,0,39.37-23.51,39.37-50.3,0-25.15-12.22-50.66-39.19-50.66C195.19,12.94,181.34,35.9,181.34,63.6Z\"><\/path><path d=\"M404.23,2V75.08c0,27.16,12,38.82,28.61,38.82,18,0,29.89-12,29.89-38.82V2h15.85V73.81c0,37.72-19.68,53-46.29,53-25.15,0-44.1-14.22-44.1-52.3V2Z\"><\/path><path d=\"M597.23,3.64c8.2-1.64,19.68-2.55,30.62-2.55,16.94,0,27.88,3.1,35.54,10C669.4,16.58,673,25,673,34.44c0,16.22-10.2,27-23.14,31.35v.36c9.47,3.46,15.13,12.39,18,25,4,17.31,6.93,29,9.47,33.71H661c-2-3.46-4.74-14-8.21-29.34-3.64-16.77-10.2-23.32-24.6-23.87H613.27v53.21h-16Zm16,56h16.22c17,0,27.7-9.3,27.7-23.32,0-16.05-11.48-22.79-28.25-23-7.83,0-13.12.73-15.67,1.46Z\"><\/path><path d=\"M786.41,124.83V2h17.67l39.19,62c8.93,14.58,16.21,27.52,22,40.1l.37-.18c-1.46-16.41-1.82-31.35-1.82-50.3V2h14.95V124.83h-16l-39-62.32c-8.56-13.67-16.76-27.71-23-41l-.54.18c.91,15.49,1.27,30.26,1.27,50.67v52.48Z\"><\/path><path d=\"M1061.05,67.24h-47.56v44.47h53.22v13.12H997.45V2H1064V15.12h-50.48v39h47.56Z\"><\/path><path d=\"M1241.66,67.24H1194.1v44.47h53.21v13.12h-69.25V2h66.52V15.12H1194.1v39h47.56Z\"><\/path><path d=\"M97.47,273.2c-3.89,1.82-11.67,3.88-21.76,3.88-23,0-40.35-14.7-40.35-41.56,0-25.65,17.38-42.9,42.78-42.9,10.09,0,16.65,2.07,19.44,3.52L95,204.77a38.38,38.38,0,0,0-16.52-3.4c-19.2,0-32,12.27-32,33.78,0,20.06,11.55,32.93,31.48,32.93,6.44,0,13-1.33,17.26-3.4Z\"><\/path><path d=\"M238.89,234.66c0,27.23-17.38,42.42-38,42.42-22.11,0-36.82-17.38-36.82-41.81,0-25.15,15.68-42.78,38.28-42.78C225.64,192.49,238.89,211,238.89,234.66Zm-63.56.25c0,18.59,9.48,33.54,26.13,33.54,17.26,0,26.25-15.68,26.25-33.54,0-16.77-8.14-33.78-26.13-33.78C184.57,201.13,175.33,216.44,175.33,234.91Z\"><\/path><path d=\"M313.24,193.84h10.69v72.91h35v9H313.24Z\"><\/path><path d=\"M431.33,193.84H442v72.91h35v9H431.33Z\"><\/path><path d=\"M591.84,237.34H560.12V267h35.49v8.75H549.43v-81.9h44.35v8.74H560.12v26h31.72Z\"><\/path><path d=\"M727.19,273.2c-3.88,1.82-11.66,3.88-21.75,3.88-23,0-40.35-14.7-40.35-41.56,0-25.65,17.38-42.9,42.78-42.9,10.09,0,16.65,2.07,19.44,3.52l-2.54,8.63a38.49,38.49,0,0,0-16.53-3.4c-19.21,0-32,12.27-32,33.78,0,20.06,11.54,32.93,31.47,32.93,6.44,0,13-1.33,17.26-3.4Z\"><\/path><path d=\"M820.13,202.82H795.22v-9h60.64v9h-25v72.92H820.13Z\"><\/path><path d=\"M936.28,193.84v81.9H925.59v-81.9Z\"><\/path><path d=\"M1085.5,234.66c0,27.23-17.38,42.42-38,42.42-22.12,0-36.82-17.38-36.82-41.81,0-25.15,15.68-42.78,38.27-42.78C1072.25,192.49,1085.5,211,1085.5,234.66Zm-63.56.25c0,18.59,9.48,33.54,26.13,33.54,17.25,0,26.24-15.68,26.24-33.54,0-16.77-8.14-33.78-26.12-33.78C1031.17,201.13,1021.94,216.44,1021.94,234.91Z\"><\/path><path d=\"M1159.84,275.74v-81.9h11.79l26.13,41.31a267.1,267.1,0,0,1,14.7,26.74l.25-.13c-1-10.93-1.22-20.9-1.22-33.53V193.84h10v81.9h-10.69l-26-41.56a259.58,259.58,0,0,1-15.31-27.34l-.36.12c.6,10.33.85,20.17.85,33.79v35Z\"><\/path><\/g><\/g><\/svg>","logo":"","mega_menu_1":true,"mega_menu_2":false,"mega_menu_3":false,"mega_menu_4":false,"mega_menu_5":false,"button_primary_padding":"regular","button_primary_bg_color":"#000000","button_primary_bg_color_transparency":100,"button_primary_border_color":"rgba(0,0,0,0)","button_primary_text_color":"#ffffff","button_primary_bg_color--highlight":"#606060","button_primary_bg_color_transparency--highlight":100,"button_primary_border_color--highlight":"rgba(0,0,0,0)","button_primary_text_color--highlight":"#ffffff","button_primary_border_radius":0,"button_secondary_padding":"regular","button_secondary_bg_color":"rgba(0,0,0,0)","button_secondary_bg_color_transparency":0,"button_secondary_border_color":"#000000","button_secondary_text_color":"#000000","button_secondary_bg_color--highlight":"#000000","button_secondary_bg_color_transparency--highlight":100,"button_secondary_border_color--highlight":"#000000","button_secondary_text_color--highlight":"#ffffff","button_secondary_border_radius":0,"button_link_padding":"regular","button_link_text_color":"#000000","button_link_text_color--highlight":"#ccc","button_link_underline_style":"solid","button_link_underline_thickness":1,"button_cart_padding":"regular","button_cart_bg_color":"#c70000","button_cart_bg_color--highlight":"#de1313","button_cart_border_color":"rgba(0,0,0,0)","button_cart_border_color--highlight":"rgba(0,0,0,0)","button_cart_text_color":"#fff","button_cart_text_color--highlight":"#fff","button_cart_border_radius":2,"body_text_color":"#000000","primary_color":"#000000","secondary_color":"#000000","title_color":"#000000","subtitle_color":"#000000","announcement_bg_color":"#1c1c80","footer_bg_color":"#1c1c80","animations_on":true,"social_instagram_link":"https:\/\/www.instagram.com\/journeecollectionshoes","social_youtube_link":"https:\/\/www.youtube.com\/channel\/UCRjthuwm1toiYfTvWnWot0g","social_facebook_link":"https:\/\/www.facebook.com\/JourneeCollectionShoes\/","brand_info_bg":"#ffffff","brand_info_icon":"","brand_info":"","favicon":"shopify:\/\/shop_images\/favicon.png","show_notification_bar":true,"minicart_notification_text":"Notification Text Here","phone_num":"","checkout_header_image":"","checkout_logo_image":"","checkout_logo_position":"left","checkout_logo_size":"medium","checkout_body_background_image":"","checkout_body_background_color":"#fff","checkout_input_background_color_mode":"white","checkout_sidebar_background_image":"","checkout_sidebar_background_color":"#fafafa","checkout_heading_font":"-apple-system, BlinkMacSystemFont, 'Segoe UI', Roboto, Helvetica, Arial, sans-serif, 'Apple Color Emoji', 'Segoe UI Emoji', 'Segoe UI Symbol'","checkout_body_font":"-apple-system, BlinkMacSystemFont, 'Segoe UI', Roboto, Helvetica, Arial, sans-serif, 'Apple Color Emoji', 'Segoe UI Emoji', 'Segoe UI Symbol'","checkout_accent_color":"#197bbd","checkout_button_color":"#197bbd","checkout_error_color":"#e32c2b","sections":{"ea-topbar":{"type":"ea-topbar","settings":{"topbar_text1":"<p><strong>Free Shipping on Orders Over $65<\/strong><\/p>","topbar_text2":"<p><a href=\"\/account\/login\" title=\"View my account\">Account<\/a> | <a href=\"https:\/\/journeecollection.happyreturns.com\/\" title=\"Returns and Exchanges\">Returns <\/a><\/p>","topbar_text3":"","topbar_menu":""}},"ea-footer":{"type":"ea-footer","blocks":{"1588218601834":{"type":"menu","settings":{"menu":""}},"1588218606725":{"type":"menu","settings":{"menu":"quick-shop"}},"1600746927701":{"type":"menu","settings":{"menu":"policies"}},"57db15e2-71d1-4691-99fd-2b81bb091253":{"type":"menu","settings":{"menu":"footer"}}},"block_order":["1588218601834","1588218606725","1600746927701","57db15e2-71d1-4691-99fd-2b81bb091253"],"settings":{"svglogo":"","info":"<p>Questions? Drop a line... don&#x27;t be shy because we&#x27;d love to hear from you!<\/p>","showSocial":true,"phone_label":"Chat with us","phone_num":"(555) 555-1234","left_text":"<p><a href=\"\/pages\/return-policy\" target=\"_blank\" title=\"Return Policy\">Return Policy<\/a> | <a href=\"\/pages\/privacy-policy\" target=\"_blank\" title=\"Privacy Policy\">Privacy Statements<\/a><\/p>","right_text":"<p>©journee collection<\/p>"}},"1588196746310":{"type":"ea-gallery","blocks":{"1588196746310-1":{"type":"image","settings":{"image":"shopify:\/\/shop_images\/Karissa.jpg","hover_image":"shopify:\/\/shop_images\/Karissa_Seamless.jpg","link":"shopify:\/\/collections\/mary-janes","title":"Mary Janes and T-Straps"}},"1588196746310-0":{"type":"image","settings":{"image":"shopify:\/\/shop_images\/Kedzie_ee59065b-f312-4887-820f-ff2c0e22861b.jpg","hover_image":"shopify:\/\/shop_images\/Kedzie_Seamless.jpg","link":"shopify:\/\/collections\/heeled-sandals","title":"Wedge Heels"}},"1588196746310-2":{"type":"image","settings":{"image":"shopify:\/\/shop_images\/Melissa-2.jpg","hover_image":"shopify:\/\/shop_images\/Melissa_Seamless.jpg","link":"shopify:\/\/collections\/puffed-straps","title":"Puffed and Tubular Straps"}}},"block_order":["1588196746310-1","1588196746310-0","1588196746310-2"],"settings":{"visible":true,"title":"Vintage Vibes","text":"<p>Daisy Buchanan, Audrey Hepburn, and Olivia Newton-John looks that will make all your vintage daydreams come true...<\/p>","ptop":130,"pbottom":0,"ptop_mob":0,"pbottom_mob":0,"full_width":false,"section_padding":true,"images_per_row":"3","gutter":true,"same_column_count":true,"zoom":false,"color_overlay":"#4f4f4f","color_overlay_hover":"#000000","color_overlay_text":"#ffffff","color_overlay_alpha":28}},"ea-ordering":{"type":"ea-ordering","settings":{}},"ea-product-main":{"type":"ea-product-main","blocks":{"1602026432414":{"type":"text","settings":{"text":"Fast Shipping","icon":"<svg xmlns=\"http:\/\/www.w3.org\/2000\/svg\" width=\"15.242\" height=\"25.254\" viewbox=\"0 0 15.242 25.254\">\n    <path d=\"M35.894 14a7.628 7.628 0 0 0-7.621 7.617c0 .129 0 .249.011.37a.35.35 0 0 0 .588.236 4.364 4.364 0 0 1 .517-.41l4.862 6.815h-2.968a1.416 1.416 0 0 0-1.414 1.414v7.8a1.416 1.416 0 0 0 1.414 1.414H40.5a1.416 1.416 0 0 0 1.414-1.414v-7.8a1.416 1.416 0 0 0-1.414-1.414h-2.89l4.76-6.678a5.176 5.176 0 0 1 .538.421.349.349 0 0 0 .364.066.352.352 0 0 0 .221-.3c.015-.173.022-.343.022-.523A7.629 7.629 0 0 0 35.894 14zm5.323 16.041v7.8a.714.714 0 0 1-.712.712h-9.222a.713.713 0 0 1-.712-.712v-7.8a.714.714 0 0 1 .712-.712h2.483v3.194a.351.351 0 0 0 .532.3l1.592-.955 1.592.955a.351.351 0 0 0 .532-.3v-3.194H40.5a.714.714 0 0 1 .714.712zm-6.1-1.414L30 21.46c.034-.016.067-.037.1-.053l.108-.048a4.354 4.354 0 0 1 .458-.166l.019-.005 4.959 6.982a.351.351 0 0 0 .573 0l4.844-6.832a4.6 4.6 0 0 1 .463.158l.108.045c.041.018.081.041.121.06l-5.005 7.026zm-3.677-7.6a4.334 4.334 0 0 1 .56-.034 4.6 4.6 0 0 1 3.672 1.815.348.348 0 0 0 .271.137h.007a.354.354 0 0 0 .27-.126 4.614 4.614 0 0 1 4.091-1.639l-4.383 6.182z\" transform=\"translate(-28.273 -14)\"><\/path>\n<\/svg>"}},"1602026433505":{"type":"text","settings":{"text":"30-Day Money Back","icon":"<svg xmlns=\"http:\/\/www.w3.org\/2000\/svg\" width=\"24.697\" height=\"24.748\" viewbox=\"0 0 24.697 24.748\">\n    <path d=\"M24.7 31.676v-1.622h-2.117v-1.093h3.71a1.69 1.69 0 0 0 0-3.38h-2.054a2.816 2.816 0 0 1 0-5.631h.461v-1.59h1.1v1.59h2.053v1.093h-3.648a1.69 1.69 0 0 0 0 3.38h2.053a2.816 2.816 0 0 1 0 5.631H25.8v1.623zM17.018 17.1a11.1 11.1 0 0 1 7.916-3.378h.132a11.2 11.2 0 0 1 7.784 3.113h-1.126v1.095l3.015-.034-.034-3.015h-1.093v1.159a12.335 12.335 0 0 0-20.637 6.36 12.563 12.563 0 0 0 .463 6.725l1.027-.365a11.19 11.19 0 0 1 2.553-11.66zm16.893 16.53a12.185 12.185 0 0 0 3.246-6.094 12.563 12.563 0 0 0-.463-6.725l-1.027.365a11.266 11.266 0 0 1-18.384 11.96h1.126v-1.093l-3.015.034.034 3.015h1.093v-1.16a12.4 12.4 0 0 0 17.39-.3z\" transform=\"translate(-12.718 -12.596)\"><\/path>\n<\/svg>"}},"1602026434211":{"type":"text","settings":{"text":"100% Secure Checkout","icon":"<svg xmlns=\"http:\/\/www.w3.org\/2000\/svg\" width=\"18.774\" height=\"20.648\" viewbox=\"0 0 18.774 20.648\">\n    <path d=\"M19.35 6a.466.466 0 0 0-.235.088 16.318 16.318 0 0 1-8.689 3.161.469.469 0 0 0-.426.466c0 5.356.973 9.052 2.633 11.681a13.329 13.329 0 0 0 6.578 5.214.468.468 0 0 0 .352 0 13.441 13.441 0 0 0 6.337-4.847c1.641-2.411 2.68-5.771 2.852-10.581a.472.472 0 0 0-.125-.337.466.466 0 0 0-.326-.15.472.472 0 0 0-.337.125.466.466 0 0 0-.15.326c-.168 4.691-1.175 7.862-2.691 10.09a12.323 12.323 0 0 1-5.734 4.429 12.2 12.2 0 0 1-5.957-4.765c-1.494-2.369-2.421-5.78-2.471-10.787a17.321 17.321 0 0 0 8.425-3.087 17.336 17.336 0 0 0 8.873 3.161.471.471 0 0 0 .088-.939 16.317 16.317 0 0 1-8.689-3.161A.473.473 0 0 0 19.35 6zm4.077 6.724a.473.473 0 0 0-.308.176l-4.4 5.294-1.951-1.877a.469.469 0 1 0-.653.675l2.317 2.229a.469.469 0 0 0 .682-.044l4.722-5.683a.47.47 0 0 0-.411-.77z\" transform=\"translate(-10 -5.996)\"><\/path>\n<\/svg>"}},"1602026434918":{"type":"text","settings":{"text":"Quality guaranteed","icon":"<svg xmlns=\"http:\/\/www.w3.org\/2000\/svg\" width=\"29.268\" height=\"26.735\" viewbox=\"0 0 29.268 26.735\">\n    <path d=\"M34.262 32.832c-.065-.7-1.242-1.555-3.492-2.549a20.779 20.779 0 0 0-3.86-1.345c-.166-.042-4.878-1.232-7-3.9-2.172-2.732-4.611-8.823-4.634-8.884a.112.112 0 0 0 0-.029l-.1-.244a17.81 17.81 0 0 0-4.922-6.712 1.336 1.336 0 0 0-1.736.031 15.225 15.225 0 0 0-2.4 2.722c-1.282 1.918-1.47 3.616-.565 5.053a18.506 18.506 0 0 1 1.525 5c.224 1.409.685 10.344.749 11.678a.176.176 0 0 0 .173.164h.6a.136.136 0 0 0 .137-.133c.025-1.207.234-10.195.426-11.3a2.459 2.459 0 0 1 .8-1.451.325.325 0 0 1 .436 0 12.376 12.376 0 0 1 2.572 3.085 26.447 26.447 0 0 1 1.951 5.2c.765 2.566 1.424 4.784 2.812 5.574a8.429 8.429 0 0 0 3.623.777q.459.019.956.019a33.665 33.665 0 0 0 3.9-.246c3.32-.394 6.5-1.19 7.606-1.889.316-.192.465-.406.446-.629zm-.683.3c-1.024.65-4.227 1.447-7.433 1.828-3.859.456-6.841.29-8.211-.5-1.242-.706-1.912-2.952-2.6-5.332a26.662 26.662 0 0 0-1.987-5.294c-1.324-2.379-3.715-4.134-5.457-5.414a9.046 9.046 0 0 1-1.951-1.667q-1.214-1.951.559-4.6a15.037 15.037 0 0 1 2.332-2.644.909.909 0 0 1 1.19-.023 17.37 17.37 0 0 1 4.757 6.549l.144.351c.384 1.04 3.775 10.155 5 11.81a4.576 4.576 0 0 0 3.831 1.893c.217 0 .434-.013.65-.036a8.066 8.066 0 0 0 2.2-.573 1 1 0 0 1 .65-.042 25.762 25.762 0 0 1 3.347 1.226 8.413 8.413 0 0 1 3.076 1.874.4.4 0 0 1-.09.588z\" transform=\"translate(-4.996 -8.861)\"><\/path>\n<\/svg>"}}},"block_order":["1602026432414","1602026433505","1602026434211","1602026434918"],"settings":{"ptop":0,"pbottom":80,"ptop_mob":20,"pbottom_mob":45,"sectionbg":"#ffffff","info":"","info2":"","recharge_info":"<p>If you are not satisfied with your Journee Collection purchase, you may return your purchase to us within 30 days for a full refund or exchange.  Your product must be returned unworn.<\/p>","zoom_image":true}},"ea-reviews":{"type":"ea-reviews","settings":{"visible":true,"ptop":45,"pbottom":45,"ptop_mob":45,"pbottom_mob":45,"sectionbg":"#ffffff","bg_image":"","fg_image":""}},"hero--collection":{"type":"hero--collection","blocks":{"1600889639006":{"type":"hero","settings":{"visible":true,"sectionbg":"#ffffff","image_top_desktop":-100,"image_top_mobile":-60,"content_pos":"middle-center","text_pos":"center","mob_content_pos":"middle-center","title_large":false,"subtitle_large":false,"text_color":"#ffffff","btntop":45,"btntop_mobile":45,"btn":"BUY","white_btn":false,"large_btn":false}}},"block_order":["1600889639006"],"settings":{}},"ea-login":{"type":"ea-login","settings":{"ptop":45,"pbottom":45,"ptop_mob":45,"pbottom_mob":45,"contentbg":"#ffffff"}},"ea-login-forgot-password":{"type":"ea-login-forgot-password","settings":{"ptop":45,"pbottom":45,"ptop_mob":45,"pbottom_mob":45,"contentbg":"#ffffff","title":"Reset Password"}},"ea-benefits":{"type":"ea-benefits","blocks":{"1588284488695":{"type":"benefit","settings":{"title":"For True Patriots","text":"<p>The strongest weapon in the United States is a patriotic American. We make clothes for those who are proud to stand united with our brothers and sister who defend this great country.<\/p>","image":""}},"1588285322147":{"type":"benefit","settings":{"title":"Proudly Made","text":"<p>Print, packaging and shipping! We believe in providing the American people with premium quality products that represents everything this country stands for.<\/p>","image":""}},"1588518303438":{"type":"benefit","settings":{"title":"American Quality","text":"<p>These tees are made from 100% cotton with breathable performance. As our glorious nation, the inks resists the threats of fading from the sun and time. you&rsquo;ll have comfort, fit, and looks that last.<\/p>","image":""}},"1588518333020":{"type":"benefit","settings":{"title":"Tactical Designs","text":"<p>Your t-shirts say a lot about you. Let your beliefs shine with our designs that say you are a patriot! Just wearing our powerful graphic tees can make you a bold builder of American pride.<\/p>","image":""}}},"block_order":["1588284488695","1588285322147","1588518303438","1588518333020"],"settings":{"visible":true,"ptop":45,"pbottom":45,"sectionbg":"#ffffff","title":"MEN TEES FOR REAL PATRIOTS","text":"","bottom_image":""}},"ea-text-and-video":{"type":"ea-text-and-video","settings":{"visible":true,"ptop":45,"pbottom":45,"ptop_mob":45,"pbottom_mob":45,"video_url":"https:\/\/www.youtube.com\/watch?v=WGmsMyzT3mU","bgimage":"","sectionbg":"#ffffff","title":"<p>HIGH QUALITY<\/p>\n<p>PREMIUM SHIRTS<\/p>","text":"<p>Our distressed, heavyweight USA tshirts are designed, developed, and manufactured with the utmost care and attention to detail right here in the US. Our comfort-focused American flag clothes are for men or for women and are as durable as they come.<\/p>","btntop":45,"btnu":"\/","btn":"ORDER NOW"}},"ea-image-and-text":{"type":"ea-image-and-text","settings":{"visible":true,"ptop":45,"pbottom":45,"ptop_mob":45,"pbottom_mob":45,"sectionbg":"rgba(0,0,0,0)","textbg":"#f9ece2","image":"","image_pos":"right","top_label":"FITS TRUE TO SIZE!","title":"<p>EASY TO FOLLOW SIZING<\/p>","text":"<p>To&nbsp;<strong>determine which size to buy<\/strong>, see dimensions guide. Measurements are in inches and are measured when the shirt is lying flat on a hard surface. Width is measured armpit to armpit, and the length is measured from the very top of the shirt to the bottom.<\/p>","btntop":45,"btnu":"","btn":"ORDER NOW"}},"ea-related-products":{"type":"ea-related-products","settings":{"visible":true,"ptop":125,"pbottom":125,"ptop_mob":0,"pbottom_mob":45,"full_width":false,"sectionbg":"#ffffff","pretitle":"","title":"You might also like...","text":"","collection":"upsell","product_count":"3"}},"ea-search-results":{"type":"ea-search-results","settings":{"ptop":45,"pbottom":45,"ptop_mob":45,"pbottom_mob":45,"sectionbg":"#ffffff"}},"ea-register":{"type":"ea-register","settings":{"ptop":45,"pbottom":45,"ptop_mob":45,"pbottom_mob":45,"contentbg":"#ffffff","title":"<p>Welcome To Journee<\/p>"}},"ea-megamenu":{"type":"ea-megamenu","blocks":{"1599683733947":{"type":"link","settings":{"title":"Shop","url":"#"}},"ac06a39a-0b98-4eac-8638-fd7e53693dad":{"type":"link","settings":{"title":"All Shoes","url":"shopify:\/\/collections\/all"}},"1599683784557":{"type":"link","settings":{"title":"New","url":"shopify:\/\/collections\/new-arrivals"}},"bbd32d0d-c685-4b1a-8ff3-123f232c7f32":{"type":"link","settings":{"title":"Sale","url":"shopify:\/\/collections\/markdowns"}}},"block_order":["1599683733947","ac06a39a-0b98-4eac-8638-fd7e53693dad","1599683784557","bbd32d0d-c685-4b1a-8ff3-123f232c7f32"],"settings":{}},"ea-megamenu-second":{"type":"ea-megamenu-second","settings":{}},"ea-megamenu--complex":{"type":"ea-megamenu--complex","blocks":{"8794a95c-45f1-41af-a3b4-299a33e1d834":{"type":"menu","settings":{"pre_link_label":"","pre_link_url":"shopify:\/\/collections\/trending","menu_1":"trending","menu_1_link":"shopify:\/\/collections\/trending"}},"1600725739592":{"type":"menu","settings":{"pre_link_label":"","menu_1":"sandals","menu_1_link":"shopify:\/\/collections\/all-sandals"}},"1600725731207":{"type":"menu","settings":{"pre_link_label":"","menu_1":"flats","menu_1_link":"shopify:\/\/collections\/all-flats"}},"cb5ab0b9-ce29-4dc0-9f72-88baa0940a0a":{"type":"menu","settings":{"pre_link_label":"","pre_link_url":"shopify:\/\/collections\/sneakers","menu_1":"sneakers","menu_1_link":"shopify:\/\/collections\/sneakers"}},"ea-megamenu--complex-0":{"type":"menu","settings":{"pre_link_label":"","menu_1":"heels-1","menu_1_link":"shopify:\/\/collections\/heels"}},"c6b2e866-5ac1-4a97-9b8f-824e4bd7aa68":{"type":"menu","settings":{"pre_link_label":"","menu_1":"booties","menu_1_link":"shopify:\/\/collections\/all-booties"}},"1600725721600":{"type":"menu","settings":{"pre_link_label":"","menu_1":"boots-1","menu_1_link":"shopify:\/\/collections\/all-boots"}},"1600725703949":{"type":"menu","settings":{"pre_link_label":"","menu_1":"wide-fit-boots-and-shoes","menu_1_link":"shopify:\/\/collections\/all-booties"}}},"block_order":["8794a95c-45f1-41af-a3b4-299a33e1d834","1600725739592","1600725731207","cb5ab0b9-ce29-4dc0-9f72-88baa0940a0a","ea-megamenu--complex-0","c6b2e866-5ac1-4a97-9b8f-824e4bd7aa68","1600725721600","1600725703949"],"settings":{"parent_link":"Shop","enable_mega_menu_border":false,"mega_menu_background_color":"#ffffff","mega_menu_text_color":"#231f20","show_mega_bottom_bar":false,"mega_bottom_bar_icon":"","mega_bottom_bar_text":"Add your deal, information or promotional text","size":"regular","bottom_banner_bg":"#007ace","bottom_banner_text":"#efefef","css_class":"","custom_css":""}},"ea-copyright":{"type":"ea-copyright","settings":{"copyright_text":""}},"1599594683286":{"type":"ea-hero","blocks":{"1599594713027":{"type":"hero","settings":{"visible":true,"sectionbg":"#ffffff","hero_image_lg":"shopify:\/\/shop_images\/MicrosoftTeams-image_24_49873df6-9431-4302-95b6-c74b53c3f1b4.png","hero_image":"shopify:\/\/shop_images\/MicrosoftTeams-image_24_49873df6-9431-4302-95b6-c74b53c3f1b4.png","image_top_desktop":0,"image_top_mobile":0,"content_position":"bottom-right","text_pos":"right","content_position_mobile":"bottom-right","text_pos_mobile":"right","pretitle":"","title":"","title_large":false,"title_max_width":400,"title_max_width_mobile":300,"subtitle":"","subtitle_large":false,"subtitle_max_width":400,"subtitle_max_width_mobile":300,"white_text":false,"btntop":45,"btntop_mobile":45,"btnu":"shopify:\/\/collections\/all-sandals","btn":"","white_btn":false,"large_btn":false}}},"block_order":["1599594713027"],"settings":{"show_page_scroll_btn":false,"scroll_btn_color":"#ffffff","scroll_btn_pos":"bottom-center"}},"product-meta-features":{"type":"product-meta-features","settings":{"visible":false,"ptop":45,"pbottom":45,"ptop_mob":45,"pbottom_mob":45,"sectionbg":"#ffffff"}},"product-perfect-style":{"type":"product-perfect-style","settings":{"visible":false,"ptop":45,"pbottom":45,"ptop_mob":45,"pbottom_mob":45,"sectionbg":"#ffffff","tri_height":200,"tri_height_mobile":200}},"ea-product-recommendations":{"type":"ea-product-recommendations","settings":{"visible":false,"ptop":45,"pbottom":45,"ptop_mob":45,"pbottom_mob":45,"sectionbg":"#ffffff","title":"Title","subtitle":"","related_count":5}},"1599676099621":{"type":"ea-featured-products","settings":{"visible":true,"ptop":100,"pbottom":45,"ptop_mob":45,"pbottom_mob":45,"full_width":false,"sectionbg":"#ffffff","pretitle":"","title":"This Just In...","text":"<p>New styles that are practically calling your name.<\/p>","text_align":"ta-center","collection":"new-arrivals","product_count":"6","enable_price":true,"enable_variant":false}},"1599679188180":{"type":"find-your-pecfect","blocks":{"1599679222000":{"type":"image","settings":{"bg_img":"shopify:\/\/shop_images\/Rozz_89d73037-84ca-4b94-81bc-6409215f6ce8.jpg","title":"Retro Sandals","text":"<p>Cool, casual sandals with comfort details...<\/p>","btn_text":"Shop the Collection","link":"shopify:\/\/collections\/90s-sandals","content_position":"top-right","text_align":"right","mob_content_position":"middle-center","mob_text_align":"center","text_color":"#0c1539","btn_color":"#231f20","mob_text_color":"#ffffff","mob_btn_color":"#ffffff"}},"1599680554084":{"type":"image","settings":{"bg_img":"shopify:\/\/shop_images\/Slippers_c8142c46-44cd-4583-8983-320505b98dc8.jpg","title":"Slippers","text":"<p>Cozy off-duty looks she can kick back and relax in...<\/p>","btn_text":"Shop the Collection","link":"shopify:\/\/collections\/slippers","content_position":"top-left","text_align":"left","mob_content_position":"middle-center","mob_text_align":"center","text_color":"#0c1539","btn_color":"#231f20","mob_text_color":"#ffffff","mob_btn_color":"#ffffff"}}},"block_order":["1599679222000","1599680554084"],"settings":{"title":"Mother's Day Gifts She'll Adore...","subtitle":"","text_max_width":350,"text_max_width_mobile":200,"tri_height":100,"tri_height_mobile":200}},"ea-newsletter":{"type":"ea-newsletter","settings":{"visible":true,"bgimage":"shopify:\/\/shop_images\/EMAIL_2.jpg","mobile_bgimage":"shopify:\/\/shop_images\/Email_3.jpg","title":"<p>Let’s Stay in Touch<\/p>","top_spacing":0,"bottom_spacing":5,"pretitle":"","placeholder":"Enter your email","btn":""}},"1599829807560":{"type":"ea-image-with-text","settings":{"visible":true,"ptop":135,"pbottom":0,"ptop_mob":50,"pbottom_mob":0,"sectionbg":"#ffffff","image":"shopify:\/\/shop_images\/Lucite_59ecf781-e8ad-4dee-96d1-5c04805a4079.jpg","mobile_image":"shopify:\/\/shop_images\/Lucite_59ecf781-e8ad-4dee-96d1-5c04805a4079.jpg","image_pos":"left","mob_content_pos":"middle center","heading":"Minimalist","content":"<p>*Clearly* cute lucite details and super skinny straps that will make everyone on the street do a double-take...<\/p>","button_text":"Shop Now","button_link":"shopify:\/\/collections\/lucite","text_align":"left","mob_text_align":"center","text_color":"#000000","btn_color":"#000000","btn_border":"#0c1539","btn_bg":"rgba(0,0,0,0)","mob_text_color":"#ffffff","mob_btn_color":"#ffffff","mob_btn_border":"rgba(0,0,0,0)","mob_btn_bg":"#0c1539"}},"1599831196104":{"type":"ea-image-with-text","settings":{"visible":true,"ptop":165,"pbottom":45,"ptop_mob":45,"pbottom_mob":45,"sectionbg":"#ffffff","image":"shopify:\/\/shop_images\/Marjan.jpg","mobile_image":"shopify:\/\/shop_images\/Marjan.jpg","image_pos":"right","mob_content_pos":"middle center","heading":"Espadrille","content":"<p>Add a touch of texture to your look with beautifully braided espadrille...<\/p>","button_text":"Shop Now","button_link":"shopify:\/\/collections\/espadrille-shoes","text_align":"left","mob_text_align":"center","text_color":"#000000","btn_color":"#000000","btn_border":"#0c1539","btn_bg":"rgba(0,0,0,0)","mob_text_color":"#ffffff","mob_btn_color":"#ffffff","mob_btn_border":"rgba(0,0,0,0)","mob_btn_bg":"#0c1539"}},"ea-collection":{"type":"ea-collection","settings":{"visible":true,"ptop":0,"pbottom":0,"ptop_mob":45,"pbottom_mob":45,"sectionbg":"#ffffff","show_product_price":true,"show_product_info":true}},"page-aboutus-image-with-text-deflect":{"type":"page-aboutus-image-with-text-deflect","blocks":{"1600873480112":{"type":"text-block","settings":{"title":"Where Will Your Shoes Take You?","content":"<p>We believe that shoes are so much more than footwear- shoes can change your path. From comfortable everyday companions to impressionable special occasions looks, our collections include styles made to elevate your experiences. So, go ahead! Trust your instincts, dance in the rain, or apply for your dream job...just don&#x27;t forget to enjoy the journey along the way.  <\/p>"}},"1600873458046":{"type":"text-block","settings":{"title":"How It All Started","content":"<p>Our story began in 2001 when a fiery young graduate started a small business offering women&#x27;s dresses, blouses, tops, outerwear, and, eventually, footwear. Since then, we&#x27;ve changed a lot, but our goal has always been the same: to empower women by offering imaginative styles that ignite confidence at an attainable price. <\/p><p>After several years working with customers, something became clear; inclusive sizing and fair prices were missing in the shoe industry. So we created the Journee Collection brand to fulfill that need.<\/p>"}},"1600873477614":{"type":"text-block","settings":{"title":"Who Says You Can't Have It All?","content":"<p>Our in-house design team carefully details each Journee Collection shoe with your journey in mind, which is why we offer comfortable, versatile products in sizes that celebrate body positivity and self-love. True to our name, our design team has carved a path to provide up-scale styles at fair prices. After several rounds of testing unique fabrics, negotiating, and design adjustments, if we can&#x27;t achieve a high standard of quality and offer it to you at an excellent value, we just won&#x27;t make it- because you deserve the best!  <\/p><p>Even though we design the shoes, you call the shots...and that&#x27;s how we roll! By drawing inspiration from the lifestyles of mothers, working women, young adventurers, and students, we&#x27;ve joyfully created over 600 styles in dozens of colors and patterns so that you always have the freedom to choose (without compromising).   <\/p>"}}},"block_order":["1600873480112","1600873458046","1600873477614"],"settings":{"visible":true,"ptop":125,"pbottom":0,"ptop_mob":45,"pbottom_mob":0,"sectionbg":"#ffffff","image":"shopify:\/\/shop_images\/edits-308.jpg","mobile_image":"shopify:\/\/shop_images\/edits-308.jpg","heading":"","image_pos":"left"}},"page-aboutus-image-with-text-1":{"type":"page-aboutus-image-with-text-1","settings":{"visible":true,"ptop":130,"pbottom":0,"ptop_mob":45,"pbottom_mob":0,"sectionbg":"#ffffff","image_pos":"right","mob_content_pos":"top center","heading":"She Is Very Much Herself.","content":"<p>Lorem ipsum dolor sit amet, consectetur adipiscing elit, sed do eiusmod tempor incididunt ut labore et dolore magna aliqua.<\/p>","button_text":"Shop Now","button_link":"shopify:\/\/pages\/home-sale","text_align":"left","mob_text_align":"center","text_color":"#0c1539","btn_color":"#0c1539","btn_border":"#0c1539","btn_bg":"rgba(0,0,0,0)","mob_text_color":"#ffffff","mob_btn_color":"#ffffff","mob_btn_border":"rgba(0,0,0,0)","mob_btn_bg":"#0c1539"}},"page-aboutus-image-with-text-2":{"type":"page-aboutus-image-with-text-2","settings":{"visible":true,"ptop":130,"pbottom":0,"ptop_mob":45,"pbottom_mob":0,"sectionbg":"#ffffff","image_pos":"left","mob_content_pos":"top center","heading":"Practical, But Never Ordinary.","content":"<p>Lorem ipsum dolor sit amet, consectetur adipiscing elit, sed do eiusmod tempor incididunt ut labore et dolore magna aliqua.<\/p>","button_text":"Shop Now","button_link":"shopify:\/\/pages\/home-sale","text_align":"left","mob_text_align":"center","text_color":"#0c1539","btn_color":"#0c1539","btn_border":"#0c1539","btn_bg":"rgba(0,0,0,0)","mob_text_color":"#ffffff","mob_btn_color":"#ffffff","mob_btn_border":"rgba(0,0,0,0)","mob_btn_bg":"#0c1539"}},"page-aboutus-featured-collections":{"type":"page-aboutus-featured-collections","settings":{"visible":false,"ptop":135,"pbottom":0,"ptop_mob":45,"pbottom_mob":0,"full_width":false,"sectionbg":"#ffffff","pretitle":"","title":"Spring Styles","text":"<p>Put some spring in your step with fun and casual styles!<\/p>","text_align":"ta-center","collection":"spring-shoes","product_count":"6","enable_price":true,"enable_variant":false}},"logos-with-text":{"type":"logos-with-text","blocks":{"5778f5f8-ac49-47fb-995c-fd1374bde68b":{"type":"logo","settings":{"text":""}}},"block_order":["5778f5f8-ac49-47fb-995c-fd1374bde68b"],"settings":{"visible":false,"ptop":0,"pbottom":70,"ptop_mob":80,"pbottom_mob":45,"sectionbg":"#ffffff"}},"page-faq-banner-with-text":{"type":"page-faq-banner-with-text","settings":{"visible":true,"ptop":105,"pbottom":0,"ptop_mob":0,"pbottom_mob":0,"sectionbg":"#ffffff","image":"shopify:\/\/shop_images\/edits-451_1.jpg","mobile_image":"shopify:\/\/shop_images\/edits-451_1.jpg","text_pos":"bottom center","text_alignment":"center","heading":"<p>Frequently Asked Questions<\/p>","content":"","button_text":""}},"ea-faq":{"type":"ea-faq","blocks":{"bbb2ddff-70ad-4d83-9b53-43bb0456927a":{"type":"faq","settings":{"cat_title":"Orders","title":"Do I have to pay shipping fees for a return?","answer":"<p>Great news, for first-time shoppers and customers who process with Happy Returns, the fees are on us! A small shipping fee will apply to other returns.<\/p>"}},"8a1c95c0-939e-4dbf-841f-1ddb8048836b":{"type":"faq","settings":{"cat_title":"Orders","title":"My shoes look damaged\/defective, what do I do?","answer":"<p>Oh no! We&#x27;re sorry. But don&#x27;t worry…our team can help. Please message us at <a href=\"mailto:customercare@journeecollection.com\" target=\"_blank\"><span style=\"text-decoration:underline\">customercare@journeecollection.com<\/span><\/a>.<\/p>"}},"46ec2330-ff2a-4556-9f53-e48b28382582":{"type":"faq","settings":{"cat_title":"Orders","title":"I need a wide-calf boot, which size is right for me?","answer":"<p>Finding your perfect fit is easy! Check out our sizing chart on the item pages. <\/p>"}},"ebb85499-360e-443f-9519-ef9f8389f81e":{"type":"faq","settings":{"cat_title":"Orders","title":"I bought some Journee Collection shoes on another site, can I return them to you?","answer":"<p>As much as we love hearing from you, returns from other sites must be processed with the original site.<\/p>"}},"a2feae32-a4a4-4ab6-ba7a-0c9729279e4c":{"type":"faq","settings":{"cat_title":"Orders","title":"Are Journee Collection shoes waterproof?","answer":"<p>Our rubber rain boots are storm-ready, and our snow boots are designed to resist the cold.  <\/p><p>- But if you want to be super safe with our vegan and fabric styles, be sure to coat your new shoes with a waterproof spray.<\/p>"}},"8c13a73e-1902-4009-af05-fe8bd7e5d753":{"type":"faq","settings":{"cat_title":"Orders","title":"I live on a military base. Will that change the shipping time?","answer":"<p>Even though we hustle to get your new shoes on your feet, delivery&#x27;s to APO Military address can take up to 60 days to arrive, but you know what they say, the best things in life take time. <\/p>"}},"16924427-dde8-47c0-97b4-c2bb65e2b3c3":{"type":"faq","settings":{"cat_title":"Shipping","title":"Shipping Process Time","answer":"<p>We know you have fabulous plans for your new shoes. That&#x27;s why we do our best to process orders within 2-3 business days (except for holidays and weekends, of course.) With the free shipping option, your new shoes will show up on your doorstep within 3-10 business days.  <\/p><p>You may encounter delayed delivery times due to the impact of COVID-19.   <\/p><p>We wish it weren&#x27;t so, but we promise they&#x27;re worth the wait! <\/p>"}},"87e622a4-56f3-4939-9ba7-43120acc2d86":{"type":"faq","settings":{"cat_title":"Sustainability","title":"Sustainability","answer":"<p>When you open a Journee Collection box, you can be sure that your new shoes will not only uplift you but your community. Thanks to our new friends at ONE TREE PLANTED, a tree is planted in our community with every Journee Collection purchase (big or small).   <\/p><p>That&#x27;s not all we&#x27;ve done to help; we&#x27;ve changed our shipping process too. Each and every Journee Collection order is shipped with minimal packaging made with 100% recycled materials to reduce waste and lessen our carbon footprint. Because by giving back to local causes and breaking away from wasteful industry practices, we can make the world a better place, so long as we have a good pair of shoes on our feet.<\/p>"}}},"block_order":["bbb2ddff-70ad-4d83-9b53-43bb0456927a","8a1c95c0-939e-4dbf-841f-1ddb8048836b","46ec2330-ff2a-4556-9f53-e48b28382582","ebb85499-360e-443f-9519-ef9f8389f81e","a2feae32-a4a4-4ab6-ba7a-0c9729279e4c","8c13a73e-1902-4009-af05-fe8bd7e5d753","16924427-dde8-47c0-97b4-c2bb65e2b3c3","87e622a4-56f3-4939-9ba7-43120acc2d86"],"settings":{"visible":true,"ptop":0,"pbottom":45,"ptop_mob":0,"pbottom_mob":45,"sectionbg":"#ffffff","btntop":45,"btn":""}},"page-faq-favorite-collections":{"type":"page-faq-favorite-collections","blocks":{"1600883286870":{"type":"image","settings":{"image":"shopify:\/\/shop_images\/Journee-Collection-Booties.jpg","hover_image":"shopify:\/\/shop_images\/Journee-Collection-Booties2.jpg","link":"shopify:\/\/products\/aalie","title":"Booties"}},"1600883323660":{"type":"image","settings":{"image":"shopify:\/\/shop_images\/favorites_heels.jpg","hover_image":"shopify:\/\/shop_images\/miranda-red.jpg","link":"shopify:\/\/collections","title":"Heels"}},"1600883350430":{"type":"image","settings":{"image":"shopify:\/\/shop_images\/favorites_flats.jpg","hover_image":"shopify:\/\/shop_images\/tayleen-tan.jpg","link":"shopify:\/\/collections","title":"Flats"}}},"block_order":["1600883286870","1600883323660","1600883350430"],"settings":{"visible":false,"title":"Our Favorites","text":"<p>Look no further for lazy day looks, girl-boss styles, and everyday companions...we’ve got you covered. <\/p>","ptop":45,"pbottom":105,"ptop_mob":45,"pbottom_mob":65,"full_width":false,"section_padding":true,"images_per_row":"3","gutter":true,"same_column_count":false,"zoom":true,"color_overlay":"#4f4f4f","color_overlay_hover":"#000000","color_overlay_text":"#ffffff","color_overlay_alpha":0}},"collection-template-boost-pfs-filter":{"type":"collection-template-boost-pfs-filter","settings":{"products_per_page":24,"products_per_row":3,"products_per_row_mobile":2,"show_vendor":false,"show_price":true,"show_sale_label":true,"show_sold_out_label":true,"active_image_swap":true,"show_sorting":true,"soldout_label":"Sold out","sale_label":"Sale","from":"from","display_item_swatch":true,"swatch_color_display_type":"swatch_color_display_type_image","swatch_color_hover_change_image":true,"show_collection_image":true,"collection_image_text_color":"","enable_equal_height":true,"equal_height_crop_image_position":"center"}},"16032156250e88de40":{"type":"foursixty-fp","settings":{"title":"Show Us How It's Done...","subtitle":"Share your favorite Journee looks on our Instagram for a chance to get featured on the site."}},"ea-blog-featured":{"type":"ea-blog-featured","settings":{"visible":true,"ptop":45,"pbottom":45,"ptop_mob":45,"pbottom_mob":45,"sectionbg":"#ffffff"}},"ea-blog-main":{"type":"ea-blog-main","settings":{"ptop":45,"pbottom":45,"ptop_mob":45,"pbottom_mob":45,"sectionbg":"#ffffff","posts_per_row":3,"posts_per_row_mobile":1,"blog_posts_per_page":12}},"ea-page-contact":{"type":"ea-page-contact","settings":{"ptop":45,"pbottom":45,"ptop_mob":45,"pbottom_mob":45,"sectionbg":"#ffffff","title":"<p>Contact Us<\/p>","subtitle":"<p>Questions? Comments? Suggestions? Drop a line because we&#x27;d love to hear from you!<\/p>","image":"shopify:\/\/shop_images\/Contact_us_a6596fb8-d425-4740-bedf-c82b20950ffe.jpg","btn":"SEND"}},"ea-hero-page-rewards":{"type":"ea-hero-page-rewards","blocks":{"d476c9fc-6dde-48f9-880d-c296a932a47c":{"type":"hero","settings":{"visible":true,"sectionbg":"#ffffff","image_top_desktop":0,"image_top_mobile":0,"content_position":"bottom-right","text_pos":"left","content_position_mobile":"middle-center","text_pos_mobile":"center","pretitle":"","title":"<p>Journee Passport<\/p>","title_large":false,"title_max_width":400,"title_max_width_mobile":300,"subtitle":"<p>Our new rewards club is landing soon... We&#x27;re super excited for this one-way ticket to exclusive deals, early access, and VIP benefits. Sounds too good to be true, right?                                                      <\/p>","subtitle_large":false,"subtitle_max_width":400,"subtitle_max_width_mobile":300,"white_text":false,"btntop":200,"btntop_mobile":125,"btnu":"#","btn":"","white_btn":true,"large_btn":true}},"c6052ac9-8033-46cb-9d7e-7f0c1feff13f":{"type":"hero","settings":{"visible":true,"sectionbg":"#ffffff","hero_image_lg":"shopify:\/\/shop_images\/Passport_f37b90d2-c030-4875-950a-a60ab8e4f42b.jpg","hero_image":"shopify:\/\/shop_images\/Passport_f37b90d2-c030-4875-950a-a60ab8e4f42b.jpg","image_top_desktop":0,"image_top_mobile":0,"content_position":"top-center","text_pos":"left","content_position_mobile":"top-center","text_pos_mobile":"center","pretitle":"","title":"","title_large":false,"title_max_width":400,"title_max_width_mobile":300,"subtitle":"<p><\/p><p><\/p>","subtitle_large":false,"subtitle_max_width":400,"subtitle_max_width_mobile":300,"white_text":false,"btntop":45,"btntop_mobile":45,"btn":"BUY","white_btn":false,"large_btn":false}}},"block_order":["d476c9fc-6dde-48f9-880d-c296a932a47c","c6052ac9-8033-46cb-9d7e-7f0c1feff13f"],"settings":{"show_page_scroll_btn":true,"scroll_btn_color":"#000000","scroll_btn_pos":"bottom-center"}},"icon-block":{"type":"icon-block","blocks":{"4ff98968-1d30-4f78-880d-e69d9580abb7":{"type":"icon","settings":{"icon":"<!--?xml version=\"1.0\" encoding=\"UTF-8\"?-->\n<svg width=\"100pt\" height=\"70pt\" version=\"1.1\" viewbox=\"0 0 100 100\" xmlns=\"http:\/\/www.w3.org\/2000\/svg\">\n <g>\n  <path d=\"m77.984 1.1445h-55.969c-3.5352 0-6.4062 2.875-6.4062 6.4062v84.898c0 3.5312 2.875 6.4062 6.4062 6.4062h55.969c3.5312 0 6.4062-2.875 6.4062-6.4062l0.003906-84.898c0-3.5352-2.875-6.4062-6.4102-6.4062zm4.4102 91.305c0 2.4297-1.9766 4.4062-4.4062 4.4062h-55.973c-2.4297 0-4.4062-1.9766-4.4062-4.4062v-84.898c0-2.4297 1.9766-4.4062 4.4062-4.4062h55.969c2.4297 0 4.4062 1.9766 4.4062 4.4062z\"><\/path>\n  <path d=\"m50 18.176c-11.434 0-20.738 9.3047-20.738 20.738 0 11.434 9.3047 20.738 20.738 20.738 11.438 0 20.738-9.3047 20.738-20.738 0-11.434-9.3047-20.738-20.738-20.738zm14.602 9.0273c-2.1211 0.71094-4.5508 1.2461-7.1719 1.5938-0.75781-3.4766-1.9023-6.293-3.3164-8.1484 4.207 0.94531 7.875 3.3008 10.488 6.5547zm-14.602 30.449c-2.0117 0-4.168-3.375-5.4062-8.8477 1.6719-0.15234 3.3945-0.24219 5.1562-0.24219 1.9219 0 3.8164 0.10938 5.6445 0.29688-1.2383 5.4375-3.3906 8.793-5.3945 8.793zm-0.25-11.086c-1.8945 0-3.75 0.097656-5.5469 0.26953-0.35547-2.082-0.57031-4.4102-0.62109-6.9219h12.832c-0.046874 2.5312-0.26953 4.875-0.62891 6.9688-1.9414-0.20312-3.9609-0.31641-6.0352-0.31641zm0.25-26.391c2.0117 0 4.1719 3.375 5.4062 8.8477-1.6719 0.15234-3.3945 0.24219-5.1562 0.24219-1.9219 0-3.8125-0.10938-5.6445-0.29688 1.2383-5.4375 3.3867-8.793 5.3945-8.793zm0.25 11.09c1.8945 0 3.75-0.097656 5.5469-0.26953 0.35547 2.082 0.57031 4.4102 0.61719 6.9219l-12.832-0.003907c0.046875-2.5312 0.26953-4.875 0.62891-6.9688 1.9453 0.20313 3.9648 0.32031 6.0391 0.32031zm-8.668 6.6484h-10.27c0.17969-3.3672 1.2383-6.4961 2.9688-9.1641 2.3086 0.86719 4.9922 1.5234 7.9219 1.9453-0.36328 2.2109-0.57422 4.6445-0.62109 7.2188zm0 2c0.046875 2.5508 0.25 4.9609 0.61328 7.1523-2.9414 0.39453-5.6602 1.0234-8.0039 1.8633-1.6758-2.6367-2.7031-5.7109-2.8789-9.0156zm16.832 0h10.27c-0.17969 3.3672-1.2383 6.5-2.9688 9.168-2.3086-0.86719-4.9922-1.5234-7.9219-1.9453 0.36719-2.2109 0.57812-4.6484 0.62109-7.2227zm0-2c-0.046874-2.5508-0.25-4.9609-0.60937-7.1523 2.9414-0.39453 5.6602-1.0234 8.0039-1.8633 1.6758 2.6367 2.7031 5.7109 2.8789 9.0156zm-12.531-17.266c-1.4023 1.8438-2.5391 4.6367-3.2969 8.0742-2.6094-0.375-5.0195-0.93359-7.0898-1.6562 2.6094-3.1836 6.2422-5.4844 10.387-6.418zm-10.488 29.98c2.125-0.71094 4.5508-1.2461 7.1719-1.5938 0.75391 3.4766 1.9023 6.293 3.3125 8.1484-4.1992-0.94922-7.8711-3.3047-10.484-6.5547zm18.719 6.5547c1.4023-1.8438 2.543-4.6367 3.2969-8.0742 2.6094 0.37109 5.0195 0.93359 7.0898 1.6562-2.6055 3.1797-6.2383 5.4805-10.387 6.418z\"><\/path>\n  <path d=\"m37.645 87.5h24.711v-14.164h-24.711zm2-2v-4.082h9.3555v0.42188h2v-0.42188h9.3555v4.082zm20.711-10.164v4.0859h-9.3555v-0.42188h-2v0.42188h-9.3555v-4.0859z\"><\/path>\n <\/g>\n<\/svg>","title":"1. Join the Club","subtitle":"<p>As soon as our gates open up, you can join the passport club! Bon voyage<br\/>fashionistas!<\/p>"}},"994e77ef-4bdc-4135-8542-7fc82a4e8af8":{"type":"icon","settings":{"icon":"<!--?xml version=\"1.0\" encoding=\"UTF-8\"?-->\n<svg width=\"100pt\" height=\"70pt\" version=\"1.1\" viewbox=\"0 0 100 100\" xmlns=\"http:\/\/www.w3.org\/2000\/svg\">\n <path d=\"m49.906 6.9688c-0.042969 0.007812-0.085938 0.019531-0.125 0.03125-0.46484 0.10547-0.79297 0.52344-0.78125 1v6c-0.003906 0.26953 0.10156 0.52734 0.28906 0.71484 0.1875 0.19141 0.44141 0.30078 0.71094 0.30078s0.52344-0.10938 0.71094-0.30078c0.1875-0.1875 0.29297-0.44531 0.28906-0.71484v-6c0.011719-0.28906-0.10547-0.56641-0.3125-0.76172-0.21094-0.19922-0.49609-0.29688-0.78125-0.26953zm-27 9c-0.042969 0.007812-0.085938 0.019531-0.125 0.03125-0.34375 0.070312-0.62891 0.32031-0.74219 0.65234-0.11719 0.33203-0.046874 0.70312 0.17969 0.97266l9 11c0.16406 0.20703 0.40625 0.33984 0.67188 0.37109 0.26172 0.027344 0.52734-0.050782 0.73438-0.21484s0.33984-0.40625 0.37109-0.67188c0.027344-0.26172-0.050782-0.52734-0.21484-0.73438l-9-11c-0.20312-0.27734-0.53125-0.42969-0.875-0.40625zm54 0c-0.042969 0.007812-0.085938 0.019531-0.125 0.03125-0.22656 0.054688-0.42578 0.1875-0.5625 0.375l-9 11c-0.16406 0.20703-0.24219 0.47266-0.21484 0.73438 0.03125 0.26562 0.16406 0.50781 0.37109 0.67188s0.47266 0.24219 0.73438 0.21484c0.26562-0.03125 0.50781-0.16406 0.67188-0.37109l9-11c0.27734-0.3125 0.33203-0.76172 0.13672-1.1328-0.19531-0.36719-0.59766-0.57813-1.0117-0.52344zm-27.094 12.031c-0.27344 0.058594-0.51172 0.22656-0.65625 0.46875l-7.7812 12.656-14.562 2.9062c-0.36328 0.066406-0.66406 0.32812-0.77344 0.68359-0.11328 0.35547-0.019531 0.74219 0.24219 1.0039l10.656 10.656-1.9375 14.5c-0.042969 0.35938 0.10938 0.71484 0.40234 0.92578 0.28906 0.21484 0.67578 0.25391 1.0039 0.10547l13.594-5.8125 13.594 5.8125c0.32812 0.14844 0.71484 0.10938 1.0039-0.10547 0.29297-0.21094 0.44531-0.56641 0.40234-0.92578l-1.2188-9.0312c0-0.28516-0.125-0.55859-0.33984-0.75-0.21484-0.1875-0.5-0.27734-0.78516-0.24219-0.28516 0.039063-0.54297 0.19531-0.70312 0.42969-0.16016 0.23828-0.21094 0.53516-0.14062 0.8125l0.96875 7.3125-12.375-5.3125c-0.25781-0.11328-0.55469-0.11328-0.8125 0l-12.375 5.3125 1.7812-13.281c0.042969-0.30859-0.0625-0.62109-0.28125-0.84375l-9.6875-9.6875 13.156-2.625c0.26953-0.050781 0.50781-0.20703 0.65625-0.4375l7.1562-11.625 7.1562 11.625c0.14844 0.23047 0.38672 0.38672 0.65625 0.4375l13.156 2.625-9.6875 9.6875c-0.19141 0.19141-0.29688 0.44922-0.29688 0.71875s0.10547 0.52734 0.29688 0.71875 0.44922 0.29688 0.71875 0.29688 0.52734-0.10547 0.71875-0.29688l11-11c0.26172-0.26172 0.35547-0.64844 0.24219-1.0039-0.10938-0.35547-0.41016-0.61719-0.77344-0.68359l-14.562-2.9062-7.7812-12.656c-0.19922-0.32031-0.5625-0.5-0.9375-0.46875h-0.09375zm-41.031 12c-0.55078 0.015625-0.98438 0.48047-0.96875 1.0312s0.48047 0.98438 1.0312 0.96875l6 1c0.55078 0.085938 1.0703-0.29297 1.1562-0.84375s-0.29297-1.0703-0.84375-1.1562l-6-1c-0.09375-0.011719-0.1875-0.011719-0.28125 0h-0.09375zm82.062 0l-6 1c-0.26562 0.042969-0.50391 0.1875-0.66016 0.40234-0.16016 0.21875-0.22656 0.48828-0.18359 0.75391 0.085938 0.55078 0.60547 0.92969 1.1562 0.84375l6-1c0.55078-0.085938 0.92969-0.60547 0.84375-1.1562s-0.60547-0.92969-1.1562-0.84375zm-66 20c-0.085938 0.019531-0.17188 0.050781-0.25 0.09375l-13 6c-0.27344 0.085938-0.49609 0.28516-0.61328 0.54297-0.11719 0.26172-0.11719 0.55859 0 0.82031 0.11719 0.26172 0.33984 0.46094 0.61328 0.54688 0.26953 0.085938 0.56641 0.050782 0.8125-0.097656l13-6c0.46875-0.19922 0.71484-0.71484 0.57031-1.2031-0.14453-0.48828-0.63281-0.79297-1.1328-0.70312zm50 0c-0.44141 0.066406-0.78516 0.41797-0.84375 0.85938s0.18359 0.86719 0.59375 1.0469l13 6c0.24609 0.14844 0.54297 0.18359 0.8125 0.097656 0.27344-0.085937 0.49609-0.28516 0.61328-0.54688 0.11719-0.26172 0.11719-0.55859 0-0.82031-0.11719-0.25781-0.33984-0.45703-0.61328-0.54297l-13-6c-0.17578-0.085938-0.37109-0.11719-0.5625-0.09375zm-24.938 16.969c-0.042969 0.007812-0.085938 0.019531-0.125 0.03125-0.46484 0.10547-0.79297 0.52344-0.78125 1v14c-0.003906 0.26953 0.10156 0.52734 0.28906 0.71484 0.1875 0.19141 0.44141 0.30078 0.71094 0.30078s0.52344-0.10938 0.71094-0.30078c0.1875-0.1875 0.29297-0.44531 0.28906-0.71484v-14c0.011719-0.28906-0.10547-0.56641-0.3125-0.76172-0.21094-0.19922-0.49609-0.29688-0.78125-0.26953zm-20.062 2.0312c-0.29297 0.054688-0.54297 0.23828-0.6875 0.5l-3 5c-0.19922 0.22266-0.28906 0.52344-0.24609 0.82031 0.046875 0.29688 0.22266 0.55469 0.48047 0.70703s0.57031 0.18359 0.85156 0.082031c0.28125-0.10547 0.50391-0.32812 0.60156-0.60938l3-5c0.19531-0.33203 0.18359-0.74609-0.027344-1.0625-0.21484-0.32031-0.59375-0.49219-0.97266-0.4375zm40 0c-0.32422 0.054688-0.60156 0.26953-0.73828 0.57031-0.13672 0.29688-0.11719 0.64844 0.050781 0.92969l3 5c0.097656 0.28125 0.32031 0.50391 0.60156 0.60938 0.28125 0.10156 0.59375 0.070313 0.85156-0.082031s0.43359-0.41016 0.48047-0.70703c0.042968-0.29687-0.046875-0.59766-0.24609-0.82031l-3-5c-0.19922-0.35547-0.59766-0.55078-1-0.5z\"><\/path>\n<\/svg>","title":"2. Collect Points","subtitle":"<p>On social media or while your shop.<\/p>"}},"e6d6bcbe-3546-4ede-bd37-349e27a46442":{"type":"icon","settings":{"icon":"<!--?xml version=\"1.0\" encoding=\"UTF-8\"?-->\n<svg width=\"100pt\" height=\"70pt\" version=\"1.1\" viewbox=\"0 0 100 100\" xmlns=\"http:\/\/www.w3.org\/2000\/svg\">\n <path d=\"m36.5 89.078h28.82c0.20703 0 0.40625-0.082031 0.55469-0.23047 0.14453-0.14453 0.22656-0.34375 0.22656-0.55078v-14.012c0-0.20703-0.082031-0.40625-0.22656-0.55469-0.14844-0.14453-0.34766-0.22656-0.55469-0.22656h-28.82c-0.42969 0-0.78125 0.34766-0.78125 0.78125v14.012c0 0.20703 0.082031 0.40625 0.23047 0.55078 0.14453 0.14844 0.34375 0.23047 0.55078 0.23047zm0.78125-14.012h27.258v12.449h-27.258zm42.273-64.781h-10.18v-4.832c0-0.20703-0.082031-0.40625-0.23047-0.55078-0.14453-0.14844-0.34375-0.23047-0.55078-0.23047h-35.359c-0.42969 0-0.78125 0.35156-0.78125 0.78125v4.832h-10.188c-2.1562 0-3.9062 1.75-3.9062 3.9062v9.8164c0.007813 1.3594 0.71094 2.6172 1.8633 3.3281l15.156 9.3125c2.4492 3.7422 6.1992 6.4414 10.527 7.5703v7.9297c0 3.3906-1.5156 6.6094-4.1328 8.7695h-1.8086c-3.5977 0.023437-6.5977 2.7539-6.957 6.332h-2.7578c-0.42969 0-0.78125 0.35156-0.78125 0.78125v26.516c0 0.20703 0.082031 0.40625 0.23047 0.55078 0.14453 0.14844 0.34375 0.23047 0.55078 0.23047h41.32c0.20703 0 0.40625-0.082031 0.55469-0.23047 0.14453-0.14453 0.22656-0.34375 0.22656-0.55078v-26.512c0-0.20703-0.082031-0.40625-0.22656-0.55469-0.14844-0.14453-0.34766-0.22656-0.55469-0.22656h-2.75c-0.35547-3.5859-3.3633-6.3203-6.9609-6.332h-1.8125c-2.6172-2.1602-4.1289-5.3789-4.1289-8.7734v-7.9297c4.3242-1.1289 8.0781-3.8281 10.523-7.5703l15.156-9.3125c1.1523-0.71484 1.8555-1.9727 1.8594-3.3281v-9.8164c0-2.1562-1.7461-3.9062-3.9023-3.9062zm-10.188 6.25h7.8438v6.1641l-7.875 4.8438c0.007812-0.23047 0.035156-0.45703 0.035156-0.6875zm-1.5625-10.301v4.0508h-33.789v-4.0508zm-35.312 21.305-7.8789-4.8438v-6.1602h7.8438v10.312c-0.003906 0.23438 0.023438 0.46094 0.03125 0.69141zm-11.449-1.5312c-0.69141-0.42969-1.1133-1.1836-1.1172-2v-9.8164c0-1.293 1.0508-2.3438 2.3438-2.3438h10.188v3.125h-8.625c-0.42969 0-0.78125 0.35156-0.78125 0.78125v7.3828c0 0.26953 0.14453 0.52344 0.375 0.66406l9.2461 5.6836c0.21875 1.5195 0.63281 3.0078 1.2344 4.4219zm49.746 67.758h-39.758v-24.949h39.758zm-3.5391-26.512h-32.684c0.34766-2.7188 2.6562-4.7617 5.3984-4.7695h21.895c2.7344 0.015625 5.0391 2.0547 5.3906 4.7695zm-9.4375-6.332h-13.801c2.2383-2.3672 3.4766-5.5117 3.457-8.7734v-1.3672h6.8867v1.3672c-0.023438 3.2617 1.2148 6.4062 3.457 8.7734zm-3.457-11.703h-6.8867v-4.6641c0.97656 0.17187 1.9648 0.25781 2.9531 0.26562h0.98438c0.99219-0.007812 1.9805-0.09375 2.957-0.26562zm-2.9492-5.9609h-0.97656c-4.3477-0.003906-8.5195-1.7344-11.594-4.8125-3.0742-3.0742-4.8047-7.2422-4.8125-11.594v-15h33.789v15c-0.003906 4.3516-1.7344 8.5195-4.8125 11.594-3.0742 3.0781-7.2422 4.8086-11.594 4.8125zm30.492-19.25c-0.003907 0.81641-0.42578 1.5703-1.1172 2l-12.863 7.8984c0.60156-1.4141 1.0156-2.9023 1.2344-4.4258l9.25-5.6836h-0.003906c0.23047-0.14062 0.37109-0.39062 0.375-0.66406v-7.3789c0-0.20703-0.082032-0.40625-0.23047-0.55078-0.14453-0.14844-0.34375-0.23047-0.55078-0.23047h-8.6172v-3.125h10.188c1.293 0 2.3438 1.0508 2.3438 2.3438zm-49.785 30.109c0.42969 0 0.78125-0.34766 0.78125-0.78125 0-0.42969-0.35156-0.78125-0.78125-0.78125h-0.35156c-5.4258-0.11328-6.25-5.6484-6.2734-5.8906h-0.003906c-0.03125-0.39844-0.37891-0.69922-0.78125-0.67578-0.39062 0.003907-0.72266 0.29297-0.77344 0.67969-0.03125 0.23828-0.82031 5.7812-6.2734 5.8867h-0.35547 0.003907c-0.43359 0-0.78125 0.35156-0.78125 0.78125 0 0.43359 0.34766 0.78125 0.78125 0.78125h0.35156c5.4258 0.11719 6.2422 5.6523 6.2734 5.8906v0.003907c0.054687 0.38672 0.38281 0.67578 0.77734 0.67578 0.39062 0 0.71875-0.28906 0.77344-0.67578 0.03125-0.24219 0.85156-5.7812 6.2734-5.8906 0.12109 0 0.23828 0 0.35938-0.003906zm-7.4023 3.1875c-0.71875-1.7031-2.0039-3.1055-3.6406-3.9688 1.6367-0.85938 2.9219-2.2578 3.6406-3.9609 0.71484 1.7031 2.0039 3.1055 3.6406 3.9648-1.6367 0.86328-2.9219 2.2617-3.6406 3.9648zm57.812-14.047h-0.28125c-4.25-0.089843-4.8984-4.4414-4.9258-4.6289h-0.003906c-0.050781-0.38672-0.38281-0.67578-0.77344-0.67578-0.39062 0-0.72266 0.28906-0.77344 0.67578-0.027344 0.1875-0.67188 4.5312-4.9258 4.6289h-0.28516c-0.42969 0-0.78125 0.35156-0.78125 0.78125 0 0.42969 0.35156 0.78125 0.78125 0.78125h0.28516c4.25 0.089844 4.8984 4.4375 4.9258 4.6289 0.050781 0.38672 0.38281 0.67578 0.77344 0.67578 0.39063 0 0.72266-0.28906 0.77344-0.67578 0.29688-2.5391 2.375-4.4922 4.9258-4.6289h0.28125 0.003907c0.42969 0 0.78125-0.35156 0.78125-0.78125 0-0.42969-0.35156-0.78125-0.78125-0.78125zm-5.9844 3.5781c-0.57812-1.1719-1.4922-2.1445-2.6289-2.7969 1.1328-0.65234 2.0508-1.625 2.6289-2.7969 0.57813 1.1719 1.4961 2.1445 2.6289 2.7969-1.1328 0.65234-2.0469 1.625-2.625 2.7969zm-17.711-24.102-4.9844-0.74219-2.2109-4.5312c-0.13281-0.26172-0.40234-0.42969-0.69531-0.42969-0.29688 0-0.56641 0.16797-0.69922 0.43359l-2.2461 4.5078-4.9883 0.70703c-0.29688 0.042968-0.53906 0.25-0.63281 0.53125s-0.019532 0.59375 0.19531 0.80078l3.5938 3.5312-0.875 4.957c-0.050781 0.29297 0.070313 0.58984 0.30859 0.76562 0.24219 0.17578 0.55859 0.19922 0.82422 0.0625l4.4688-2.3281 4.4531 2.3594h-0.003906c0.26172 0.14062 0.58203 0.11719 0.82422-0.058594 0.23828-0.17188 0.35938-0.46875 0.3125-0.76172l-0.83594-4.9688 3.6211-3.5039c0.21484-0.20703 0.29297-0.51562 0.19922-0.80078-0.089843-0.28125-0.33203-0.48828-0.62891-0.53125zm-4.5742 4h0.003906c-0.1875 0.17969-0.27344 0.44141-0.23047 0.69531l0.64062 3.8125-3.418-1.8125c-0.11328-0.0625-0.23828-0.089844-0.36719-0.09375-0.125 0-0.24609 0.03125-0.35937 0.089843l-3.4297 1.7891 0.66797-3.8086c0.046875-0.25391-0.039063-0.51172-0.22266-0.69531l-2.7578-2.707 3.8281-0.54297c0.25391-0.035157 0.47266-0.19531 0.58984-0.42188l1.7188-3.4609 1.6992 3.4727v-0.003906c0.10937 0.23438 0.33203 0.39453 0.58594 0.42969l3.8242 0.57031zm6.8008 56.117h0.003906c0 0.20703-0.082032 0.40625-0.23047 0.55078-0.14453 0.14844-0.34375 0.23047-0.55078 0.23047h-0.46094c-0.42969 0-0.78125-0.35156-0.78125-0.78125 0-0.42969 0.35156-0.78125 0.78125-0.78125h0.46094c0.42969 0 0.78125 0.35156 0.78125 0.78125zm-4.6875 0h0.003906c0 0.20703-0.082032 0.40625-0.23047 0.55078-0.14453 0.14844-0.34375 0.23047-0.55078 0.23047h-3.125c-0.43359 0-0.78125-0.35156-0.78125-0.78125 0-0.42969 0.34766-0.78125 0.78125-0.78125h3.125c0.20703 0 0.40625 0.082032 0.55469 0.22656 0.14844 0.14844 0.23047 0.34766 0.23047 0.55469z\"><\/path>\n<\/svg>","title":"3. Unlock Rewards","subtitle":"<p>Early access, exclusive deals, and, VIP giveaways! <\/p>"}}},"block_order":["4ff98968-1d30-4f78-880d-e69d9580abb7","994e77ef-4bdc-4135-8542-7fc82a4e8af8","e6d6bcbe-3546-4ede-bd37-349e27a46442"],"settings":{"visible":true,"ptop":205,"pbottom":90,"ptop_mob":45,"pbottom_mob":45,"sectionbg":"#ffffff","title":"Here’s How It Works...","subtitle":"<p><br\/><\/p><p><\/p>"}},"benefit-page-reward":{"type":"benefit-page-reward","blocks":{"8450302b-df38-4179-97ae-37506c00f922":{"type":"block","settings":{"title":"Earn 3 Points for Every $1 spent","option1":true,"option2":true,"option3":true,"option4":true}},"f2ef52c3-653c-4687-9b49-01ce92076ef7":{"type":"block","settings":{"title":"Take $5 off the Item of Your Choice","option1":true,"option2":true,"option3":true,"option4":true}},"9a904324-89ad-4606-bcb7-e842da5e7315":{"type":"block","settings":{"title":"24 Hour Early Access to Sales","option1":true,"option2":true,"option3":true,"option4":true}},"4a76a212-3170-4bde-a828-381ef6b10b71":{"type":"block","settings":{"title":"Take $10 off the item of your choice","option1":false,"option2":true,"option3":true,"option4":true}},"a199ef9b-d162-49db-81f7-4532db7573c5":{"type":"block","settings":{"title":"Free Shipping on the Order of Your Choice","option1":false,"option2":true,"option3":true,"option4":true}},"0f89052d-04c2-403e-86c3-e498c466a6d4":{"type":"block","settings":{"title":"Free Gift: Travel Tote","option1":false,"option2":false,"option3":true,"option4":true}},"37c753bf-21c0-47a7-ad0c-d3665a79c4b6":{"type":"block","settings":{"title":"Take $15 off the item of your choice","option1":false,"option2":false,"option3":true,"option4":true}},"5dbcf513-f853-46ab-b84d-ab875628a645":{"type":"block","settings":{"title":"Free Gift: Travel Mug","option1":false,"option2":false,"option3":false,"option4":true}},"b08a9541-f115-4926-aeb5-2e803618a0ad":{"type":"block","settings":{"title":"Take $20 off the item of your choice","option1":false,"option2":false,"option3":false,"option4":true}},"3fe2b61c-d6ea-4c58-bd28-9481523378d3":{"type":"block","settings":{"title":"Exclusive discount codes as you earn more points","option1":false,"option2":false,"option3":false,"option4":true}}},"block_order":["8450302b-df38-4179-97ae-37506c00f922","f2ef52c3-653c-4687-9b49-01ce92076ef7","9a904324-89ad-4606-bcb7-e842da5e7315","4a76a212-3170-4bde-a828-381ef6b10b71","a199ef9b-d162-49db-81f7-4532db7573c5","0f89052d-04c2-403e-86c3-e498c466a6d4","37c753bf-21c0-47a7-ad0c-d3665a79c4b6","5dbcf513-f853-46ab-b84d-ab875628a645","b08a9541-f115-4926-aeb5-2e803618a0ad","3fe2b61c-d6ea-4c58-bd28-9481523378d3"],"settings":{"visible":true,"ptop":75,"pbottom":45,"ptop_mob":15,"pbottom_mob":0,"sectionbg":"#ffffff","image":"shopify:\/\/shop_images\/Passport_Levels.jpg","title":"Passport Levels","benefit_title":"","icon1":"<!--?xml version=\"1.0\" encoding=\"UTF-8\"?-->\n<svg width=\"40pt\" height=\"40pt\" version=\"1.1\" viewbox=\"0 0 100 100\" xmlns=\"http:\/\/www.w3.org\/2000\/svg\">\n <g>\n  <path d=\"m77 25.801c-0.10156 0.10156-0.19922 0.10156-0.30078 0-11.102-4.6016-15.801 5.5-15.801 9.5 0 0.30078 0.39844 0.5 0.60156 0.19922 3.3008-3.3008 6.6992-4.5 9.6016-4.6992 0.30078 0 0.5 0.39844 0.19922 0.60156-3.6992 2.5-6.1992 6.6992-5.1992 12.699 0.10156 0.30078 0.39844 0.39844 0.60156 0.10156 2.6016-3.8008 6.3008-7.1016 10.898-8.3984 2.8008 7.8008 2.8008 16.301 2 23.199 0 0.10156 0 0.19922 0.10156 0.30078l5.3008 7.3984c0.19922 0.30078 0.69922 0.19922 0.69922-0.19922 1.3984-15.602-3.1016-26.801-5.3008-31.199 4.6992-0.39844 9.3008 1.1992 13.102 3.8008 0.30078 0.19922 0.60156-0.10156 0.5-0.39844-0.80078-2.3008-3.5-8.1992-10.699-9.6016-0.30078-0.10156-0.39844-0.60156-0.10156-0.69922 4.8008-1.6016 9.1992 0.69922 11.102 1.8984 0.30078 0.19922 0.60156-0.10156 0.5-0.39844-6.0039-13.008-16.504-5.207-17.805-4.1055z\"><\/path>\n  <path d=\"m68.301 47c-0.30078-0.39844-0.89844-0.39844-1.1016 0l-11.301 16.5-20.398-30.102c-0.39844-0.60156-1.3008-0.60156-1.6992 0l-28.602 42.203c-0.5 0.80078 0.10156 1.8984 1 1.8984h81.102c0.69922 0 1.1016-0.80078 0.69922-1.3008zm-21.199 12.398-7-3.1016c-0.39844-0.19922-1 0-1.1992 0.39844l-3.1992 5.8008c-0.30078 0.60156-1.3008 0.60156-1.6016 0l-3.1016-5.3984c-0.19922-0.39844-0.80078-0.60156-1.1992-0.39844l-7.3008 3.3984c-0.80078 0.39844-1.6992-0.39844-1.1992-1.1992l12.699-18.801c0.30078-0.60156 1.1992-0.60156 1.6016 0l12.801 18c0.29688 0.90234-0.50391 1.7031-1.3008 1.3008zm27.898 3.6016-4.1016-1.8008c-0.30078-0.10156-0.60156 0-0.69922 0.19922l-1.8984 3.3984c-0.19922 0.39844-0.80078 0.39844-1 0l-1.8984-3.1992c-0.10156-0.19922-0.5-0.30078-0.69922-0.19922l-4.3008 2c-0.5 0.19922-1-0.30078-0.69922-0.69922l7.5-11.102c0.19922-0.30078 0.69922-0.30078 0.89844 0l7.6016 10.699c0.29688 0.40234-0.20312 0.90234-0.70312 0.70312z\"><\/path>\n <\/g>\n<\/svg>","option_title1":"<p><strong>Wanderlust<br\/><\/strong><\/p><p>(500 Points)<\/p>","icon2":"<!--?xml version=\"1.0\" encoding=\"UTF-8\"?-->\n<svg width=\"40pt\" height=\"40pt\" version=\"1.1\" viewbox=\"0 0 100 100\" xmlns=\"http:\/\/www.w3.org\/2000\/svg\">\n <g>\n  <path d=\"m92 19.801c-0.30078-0.5-0.89844-0.69922-1.3008-0.69922-1-0.19922-2.3008 0.19922-3.3984 0.89844l-9.6016 6.8008c-0.19922 0.19922-0.5 0.19922-0.80078 0l-15.5-10.301c-1.3008-0.80078-2.3008-1.5-3.1992-1.6992-0.39844-0.10156-0.80078 0-1.1992 0.19922l-0.80078 0.60156 13.801 15.797c0.10156 0.10156 0.19922 0.30078 0.19922 0.5 0 0.19922-0.10156 0.39844-0.19922 0.5l-13.801 11.102c-0.19922 0.19922-0.39844 0.19922-0.69922 0.10156l-7.1992-2.8984-0.30078-0.10156c-0.39844-0.19922-0.80078-0.30078-1.1016-0.39844-0.30078-0.10156-0.69922 0-0.89844 0.19922l-0.19922 0.19922 6.1992 5.3984c0.30078 0.19922 0.30078 0.69922 0.10156 1l-2.6016 3 3.6992-1.3984h0.30078c0.19922 0 0.39844 0.19922 0.5 0.39844l2.8984 7.5 0.19922-0.10156c0.60156-0.39844 0.60156-0.89844 0.5-2v-0.30078l-0.39844-7.6992c0-0.19922 0.10156-0.5 0.30078-0.60156l15-9.1016c0.19922-0.10156 0.30078-0.10156 0.5-0.10156s0.30078 0.19922 0.39844 0.30078l10.301 18.398c0.19922-0.10156 0.5-0.30078 0.80078-0.60156 1-0.80078 0.80078-1.8008 0.30078-3.8008-0.10156-0.30078-0.10156-0.5-0.19922-0.80078l-4.5-18.301c-0.10156-0.30078 0-0.60156 0.30078-0.69922l9.8008-6.8984c1.7969-1.1914 2.5977-3.1914 1.7969-4.3906z\"><\/path>\n  <path d=\"m59.398 54.199c0.10156 1.1992 0.10156 2.5-1.1992 3.5l-1.8984 1.3984-3.3984-8.6016-8.6992 3.1992 6-7-7.1016-6.1016 1.8984-1.3984c0.60156-0.5 1.3984-0.69922 2.1992-0.5 0.39844 0.10156 0.89844 0.30078 1.3984 0.5l6.8984 2.8008 9-7.3008c-0.60156-4.8984-4.6992-8.6016-9.8008-8.6016h-1.8008v-0.10156l0.003907-12.492c0-2.5-2-4.5-4.5-4.5h-24.598c-2.5 0-4.5 2-4.5 4.5v12.301 0.10156h-1.8008c-5.3984 0-9.8008 4.3984-9.8008 9.8008v41.801c0 4.8008 3.5 8.8008 8 9.6992v0.19922c0 4.8008 7.1016 4.8008 7.1016 0h26.699c0 4.8008 7.1016 4.8008 7.1016 0v-0.19922c4.6016-0.80078 8-4.8008 8-9.6992v-34.105l-5.6016 3.3984zm-36.598-40.699c0-0.5 0.39844-1 1-1h24.801c0.5 0 1 0.39844 1 1v12.301 0.10156l-26.801-0.003906v-0.10156zm-2.5 55.602 19.5-16.801c0.30078-0.19922 0.69922-0.19922 0.89844 0.10156 0.19922 0.30078 0.19922 0.69922-0.10156 0.89844l-19.496 16.699c-0.30078 0.19922-0.69922 0.19922-0.89844-0.10156-0.20312-0.19922-0.20312-0.59766 0.097656-0.79688zm-4.6992 9.6992c-0.30078 0.19922-0.69922 0.19922-0.89844-0.10156s-0.19922-0.69922 0.10156-0.89844l27.195-23.402c0.30078-0.19922 0.69922-0.19922 0.89844 0.10156 0.19922 0.30078 0.19922 0.69922-0.10156 0.89844zm29.398-21.199-19.5 16.797c-0.30078 0.19922-0.69922 0.19922-0.89844-0.10156-0.19922-0.30078-0.19922-0.69922 0.10156-0.89844l19.5-16.801c0.30078-0.19922 0.69922-0.19922 0.89844 0.10156 0.19922 0.30078 0.097657 0.69922-0.10156 0.90234z\"><\/path>\n <\/g>\n<\/svg>","option_title2":"<p><strong>Frequent Flyer<br\/><\/strong><\/p><p>(1,000 Points)<\/p>","icon3":"<!--?xml version=\"1.0\" encoding=\"UTF-8\"?-->\n<svg width=\"40pt\" height=\"38pt\" version=\"1.1\" viewbox=\"0 0 100 100\" xmlns=\"http:\/\/www.w3.org\/2000\/svg\">\n <g fill-rule=\"evenodd\">\n  <path d=\"m85.578 20c-7.3281-11.984-20.531-20-35.578-20s-28.25 8.0156-35.578 20h71.156\"><\/path>\n  <path d=\"m87.406 23.332h-74.812c-2.7227 5.5391-4.2617 11.758-4.2617 18.336v16.664c0 0.57812 0.019531 1.1445 0.042969 1.7148l1.1406-0.4375 37.617-14.27 3.5039-7.0078h4.3633v13.977l-9.8359 10.902c2.1992 1.5273 3.5781 4.0312 3.5781 6.7891 0 4.5938-3.7383 8.332-8.332 8.332h-8.8867l-8.4883 9.4141-1.207 1.2539c7.4219 6.8242 17.316 11 28.172 11 11.203 0 21.375-4.4492 28.871-11.668h-11.371c-5.0547 0-9.168-4.1094-9.168-9.1641 0-4.8203 3.7383-8.7812 8.4688-9.1406 0.78516-4.7383 4.9102-8.3594 9.8672-8.3594 5.3008 0 9.6523 4.1484 9.9805 9.3672 0.47266 0.24609 0.92969 0.53125 1.3672 0.86328l1.1367 0.69141c1.625-4.4492 2.5156-9.25 2.5156-14.258v-16.664c0-6.5781-1.5391-12.797-4.2617-18.336zm-54.074 21.668h-10c-3.6758 0-6.6641-2.9883-6.6641-6.668 0-3.6758 2.9883-6.6641 6.6641-6.6641h0.21094c0.74219-2.8711 3.3555-5 6.457-5 3.4141 0 6.2383 2.5781 6.6211 5.8945 2.0625 1.1719 3.3789 3.3633 3.3789 5.7695 0 3.6797-2.9883 6.668-6.668 6.668z\"><\/path>\n  <path d=\"m40.41 75c2.7539 0 5-2.2422 5-5 0-1.7891-0.97266-3.4102-2.5-4.293l-8.3789 9.293h5.8789\"><\/path>\n <\/g>\n<\/svg>","option_title3":"<p><strong>Jet Set<br\/><\/strong><\/p><p>(1,500 Points)<\/p>","icon4":"<!--?xml version=\"1.0\" encoding=\"UTF-8\"?-->\n<svg width=\"40pt\" height=\"40pt\" version=\"1.1\" viewbox=\"0 0 100 100\" xmlns=\"http:\/\/www.w3.org\/2000\/svg\">\n <path d=\"m67.102 8.5l-0.10156-0.19922c-7.6016-3.1016-15.898-4.1016-24.102-2.6992l0.10156 0.10156c-4.8008 0.80078-9.5 2.3008-14 4.6992-3.6992 1.8984-7 4.3008-9.8008 7v-0.10156c-5.1992 4.8984-9.0977 10.801-11.398 17.398 0 0.10156 0 0.10156-0.10156 0.19922-0.19922 0.60156-0.39844 1.1992-0.60156 1.8008 0 0.10156 0 0.10156-0.10156 0.19922-0.19922 0.69922-0.39844 1.3008-0.60156 2 0 0.10156-0.10156 0.19922-0.10156 0.30078-0.10156 0.5-0.19922 1-0.39844 1.5-0.10156 0.39844-0.10156 0.69922-0.19922 1.1016 0 0.30078-0.10156 0.5-0.10156 0.80078-0.10156 0.39844-0.10156 0.89844-0.19922 1.3008 0 0.19922 0 0.30078-0.10156 0.5-0.99219 8.7969 0.50781 18.098 5.0078 26.598 11.598 22 38.699 30.398 60.699 18.801 22-11.602 30.301-38.801 18.699-60.699-5.0977-9.7031-13.199-16.801-22.598-20.602zm21.5 21.199c2.3008 4.3984 3.8008 9 4.5 13.699l-1.3984-1.3008-0.5 3.1016-4 0.5-4.3984-5.8984 0.39844-2.8008-1.6016-2-1.1992-8.3008-0.80078-4.6016-2.6992-2-1.1992-1.3984 2.3984-1.3008-3.8984-2.8984-3.2031-0.60156-2.3984-3.3008c8.2969 3.9023 15.398 10.402 20 19.102zm-59-18.199c4.6992-2.5 9.6992-4 14.801-4.6992l2.5 2-0.90234 2.3984 4.3984 4.3008 0.30078 2 3.3984 0.30078-2.1992 1.8984-5.8984-1.5977-6.8008 8.1016-2.8008 3.6016-0.10156 4.3008-2.6992-3.6016-7.1016 2.1016-3.1992 4.8984 1.1992 3.3008 5.3984-0.80078 3.1016 3.3984-0.39844 3.1992 2.8008 0.69922 4.1016-2.1992 7.1016 1.8008 6.6992 2.6992 5.6016 0.10156 2.8984 4.8984 6.3984 2.1992 5.1992 3.8984-2.8984 3.8984-3.3008 8.3008-4.1016 0.80078-1.6992 4.8008-6.3008 5.1992-4.1016 0.80078-1.3984 3.8984 0.10156 2.6016 2.1992 1.1992-4.6992-1.1992-1.6016-3.1016 0.69922-13.602-1.2969-4.2969-4.6992-2.8008-3.6016-5.8008v-10.602l-3-1.1016-3.3984-1.8984-1.6016-2.6016-3.1016-1.8008-2 0.80078-5.6992-4.6992-2.8008-4.8984-0.69922-7.8008 3.5-6.3984v-0.10156c3.3008-3.3984 7.2031-6.3984 11.703-8.7969z\"><\/path>\n<\/svg>","option_title4":"<p><strong>Globe-Trotter<br\/><\/strong><\/p><p>(2,000 Points)<\/p>"}},"image-with-icon-list":{"type":"image-with-icon-list","blocks":{"122a368b-2ba8-4ab9-9039-0ec1d024a899":{"type":"block","settings":{"icon":"<!--?xml version=\"1.0\" encoding=\"UTF-8\"?-->\n<svg width=\"40pt\" height=\"40pt\" version=\"1.1\" viewbox=\"0 0 100 100\" xmlns=\"http:\/\/www.w3.org\/2000\/svg\">\n <g>\n  <path d=\"m84.801 7.6992l-49.898-5.8984c-2.1992-0.30078-4.3008 1.3008-4.5 3.6016l-1 8.6016h36.602c4 0 7.3008 3.3008 7.3008 7.3008v66.699l2.1016 0.19922c2.1992 0.30078 4.3008-1.3984 4.5-3.6016l8.5-72.398c0.19531-2.2031-1.4062-4.3047-3.6055-4.5039z\"><\/path>\n  <path d=\"m32.199 41.301c-1.8984-0.5-3.6992-1.3008-5.3984-2.1992-0.10156 0-0.10156-0.10156-0.19922-0.10156-1.8984 2.6016-3.1016 5.8008-3.3984 9.1992h7.8984c0.097657-2.3008 0.5-4.6992 1.0977-6.8984z\"><\/path>\n  <path d=\"m40.801 40.102c1.8984 0 3.6992-0.19922 5.5-0.5-1.1016-2.8008-2.6016-5.3984-4.3984-7.5-0.10156-0.10156-0.10156-0.10156-0.19922-0.19922h-0.89844-0.89844c-0.10156 0.10156-0.10156 0.10156-0.19922 0.19922-1.8008 2.1016-3.3008 4.6016-4.3984 7.5 1.793 0.29688 3.5898 0.5 5.4922 0.5z\"><\/path>\n  <path d=\"m32.898 39c0.80078-2.3008 1.8984-4.3984 3.1992-6.3008 0.10156-0.10156 0.10156-0.19922 0.19922-0.30078-3.1016 0.80078-5.8984 2.5-8.1016 4.6992 0.10156 0 0.10156 0.10156 0.19922 0.10156 1.4062 0.80078 2.9062 1.4023 4.5039 1.8008z\"><\/path>\n  <path d=\"m34.602 57.102c2-0.39844 4.1016-0.60156 6.3008-0.60156 2.1016 0 4.3008 0.19922 6.3008 0.60156 0.5-2 0.89844-4.1992 1-6.3984h-14.5c-0.003906 2.2969 0.29688 4.3984 0.89844 6.3984z\"><\/path>\n  <path d=\"m48.699 39c1.6016-0.39844 3.1016-1 4.5-1.6992 0.10156 0 0.10156-0.10156 0.19922-0.10156-2.1992-2.1992-5-3.8984-8.1016-4.6992 0.10156 0.10156 0.10156 0.19922 0.19922 0.30078 1.3047 1.8008 2.4023 3.8984 3.2031 6.1992z\"><\/path>\n  <path d=\"m47.102 41.898c-2 0.39844-4.1016 0.60156-6.3008 0.60156s-4.3008-0.19922-6.3008-0.60156c-0.5 2-0.89844 4.1992-1 6.3984h14.5c0-2.1953-0.39844-4.3984-0.89844-6.3984z\"><\/path>\n  <path d=\"m54.898 39.199c-1.6992 0.89844-3.5 1.6016-5.3984 2.1992 0.60156 2.1992 1 4.5 1 7h7.8984c-0.19922-3.3984-1.5-6.6016-3.3984-9.1992 0-0.097657-0.10156-0.097657-0.10156 0z\"><\/path>\n  <path d=\"m65.898 17.102h-50.199c-2.3008 0-4.1016 1.8008-4.1016 4.1016v72.898c0 2.3008 1.8008 4.1016 4.1016 4.1016h50.199c2.3008 0 4.1016-1.8008 4.1016-4.1016v-72.898c0-2.2031-1.8008-4.1016-4.1016-4.1016zm-18.199 70.098c0 0.30078-0.19922 0.5-0.5 0.5h-12.699c-0.30078 0-0.5-0.19922-0.5-0.5v-2.6992c0-0.30078 0.19922-0.5 0.5-0.5h4c0.30078 1.1016 1.1992 1.8984 2.3984 1.8984 1.1992 0 2.1016-0.80078 2.3984-1.8984h4c0.30078 0 0.5 0.19922 0.5 0.5l0.003906 2.6992zm-8.1992-3.8008c0-0.69922 0.60156-1.3008 1.3008-1.3008s1.3008 0.60156 1.3008 1.3008c0 0.69922-0.60156 1.3008-1.3008 1.3008s-1.3008-0.59766-1.3008-1.3008zm8.1992-1.0977c0 0.30078-0.19922 0.5-0.5 0.5h-4c-0.30078-1.1016-1.1992-1.8984-2.3984-1.8984s-2.1016 0.80078-2.3984 1.8984h-4c-0.30078 0-0.5-0.19922-0.5-0.5v-2.6992c0-0.30078 0.19922-0.5 0.5-0.5h12.699c0.30078 0 0.5 0.19922 0.5 0.5v2.6992zm-6.8984-12.699c-11.102 0-20.102-9-20.102-20.102s9-20.102 20.102-20.102c11.102 0 20.102 9 20.102 20.102-0.003906 11.102-9.0039 20.102-20.102 20.102z\"><\/path>\n  <path d=\"m49.5 57.699c1.8984 0.5 3.6992 1.3008 5.3984 2.1992 0.10156 0 0.10156 0.10156 0.19922 0.10156 1.8984-2.6016 3.1016-5.8008 3.3984-9.1992h-7.8984c-0.19922 2.3984-0.59766 4.6992-1.0977 6.8984z\"><\/path>\n  <path d=\"m48.699 60c-0.80078 2.3008-1.8984 4.3984-3.1992 6.3008-0.10156 0.10156-0.10156 0.19922-0.19922 0.30078 3.1016-0.80078 5.8984-2.5 8.1016-4.6992-0.10156 0-0.10156-0.10156-0.19922-0.10156-1.4023-0.80078-2.9023-1.3008-4.5039-1.8008z\"><\/path>\n  <path d=\"m32.898 60c-1.6016 0.5-3.1016 1-4.5 1.6992-0.10156 0-0.10156 0.10156-0.19922 0.10156 2.1992 2.1992 5 3.8984 8.1016 4.6992-0.10156-0.10156-0.10156-0.19922-0.19922-0.30078-1.2031-1.8008-2.3008-3.8984-3.2031-6.1992z\"><\/path>\n  <path d=\"m31.102 50.699h-7.8984c0.19922 3.3984 1.5 6.6016 3.3984 9.1992 0.10156 0 0.10156-0.10156 0.19922-0.10156 1.6992-0.89844 3.5-1.6016 5.3984-2.1992-0.59766-2.0977-1-4.3984-1.0977-6.8984z\"><\/path>\n  <path d=\"m40.801 58.898c-1.8984 0-3.6992 0.19922-5.5 0.5 1 2.8008 2.5 5.3984 4.3984 7.5 0.10156 0.10156 0.10156 0.19922 0.19922 0.19922h0.89844 0.89844c0.10156-0.10156 0.10156-0.10156 0.19922-0.19922 1.8008-2.1016 3.3008-4.6016 4.3984-7.5-1.6914-0.29688-3.5938-0.5-5.4922-0.5z\"><\/path>\n <\/g>\n<\/svg>","title":"<p><strong>JOIN THE CLUB<br\/><\/strong>200 Journee password points<\/p>"}},"fd7a360c-209e-4abb-8090-b99fe6a12090":{"type":"block","settings":{"icon":"<!--?xml version=\"1.0\" encoding=\"UTF-8\"?-->\n<svg width=\"40pt\" height=\"40pt\" version=\"1.1\" viewbox=\"0 0 100 100\" xmlns=\"http:\/\/www.w3.org\/2000\/svg\">\n <path d=\"m5.3008 80.5v2.5h89.199v-2.5h-8.3008v-18c1-0.89844 1.6016-2.1992 1.6016-3.6016v-21.297c0-2.6016-2.1016-4.8008-4.8008-4.8008h-7.6016v2.5h7.6016c1.3008 0 2.3008 1 2.3008 2.3008v21.199c0 1.3984-1.1016 2.5-2.5 2.5-1.3984 0-2.5-1.1016-2.5-2.5v-9.1992c0-2.3984-2-4.3984-4.3984-4.3984-2.5 0-4.3984 2-4.3984 4.3984l-0.003906 5.3984c0 1.1992-1 2.1992-2.1992 2.1992s-2.1992-1-2.1992-2.1992v-7.6016c0-2.6016-2.1016-4.8008-4.8008-4.8008-2.6016 0-4.8008 2.1016-4.8008 4.8008v5c0 1.1016-0.89844 2.1016-2.1016 2.1016-1.1016 0-2.1016-0.89844-2.1016-2.1016v-1.6992c0-2.6016-2.1016-4.6992-4.6992-4.6992-2.6016 0-4.6992 2.1016-4.6992 4.6992v15.398c0 1.3008-1 2.3008-2.3008 2.3008-1.3008 0-2.3008-1-2.3008-2.3008l0.003906-19.297c0-2.6016-2.1016-4.6992-4.6992-4.6992-2.6016 0-4.6992 2.1016-4.6992 4.6992v7.1016c0 1.1992-1 2.1992-2.1992 2.1992s-2.1992-1-2.1992-2.1992v-4c0-2.3984-1.8984-4.3008-4.3008-4.3008-2.3984 0-4.3008 1.8984-4.3008 4.3008l-0.003906 10.098c0 1.3984-1.1992 2.6016-2.6016 2.6016-1.3984 0-2.2969-1.1016-2.2969-2.6016v-22.398c0-1.3008 1-2.3008 2.3008-2.3008h56.398v-2.5h-17.199c0.80078-0.80078 1.1992-1.8984 1.1992-3.1016 0-0.19922 0-0.39844-0.10156-0.60156 2.1016-0.60156 6.5-2.8984 6.6992-10.699h-2.5c-0.10156 6.8008-4 8.1992-5.1016 8.3984-0.89844-1.1016-2.1992-1.8008-3.6992-1.8008-2.6016 0-4.6992 2.1016-4.6992 4.6992 0 1.1992 0.5 2.3008 1.1992 3.1016l-32.195 0.003906c-2.6016 0-4.8008 2.1016-4.8008 4.8008v22.398c0 1.8984 1 3.5 2.5 4.3984v16h-6.6992zm9.1992-15.301h0.10156c2.8008 0 5.1016-2.3008 5.1016-5.1016l-0.003906-10.199c0-1 0.80078-1.8008 1.8008-1.8008s1.8008 0.80078 1.8008 1.8008v4c0 2.6016 2.1016 4.6992 4.6992 4.6992 2.6016 0 4.6992-2.1016 4.6992-4.6992v-7.1016c0-1.1992 1-2.1992 2.1992-2.1992 1.1992 0 2.1992 1 2.1992 2.1992v19.301c0 2.6016 2.1016 4.8008 4.8008 4.8008 2.6016 0 4.8008-2.1016 4.8008-4.8008v-15.398c0-1.1992 1-2.1992 2.1992-2.1992 1.1992 0 2.1992 1 2.1992 2.1992v1.6992c0 2.5 2 4.6016 4.6016 4.6016 2.6016 0 4.6016-2 4.6016-4.6016v-5c0-1.3008 1-2.3008 2.3008-2.3008 1.3008 0 2.3008 1 2.3008 2.3008l-0.003906 7.6016c0 2.6016 2.1016 4.6992 4.6992 4.6992 2.6016 0 4.6992-2.1016 4.6992-4.6992v-5.5c0-1.1016 0.89844-1.8984 1.8984-1.8984s1.8984 0.89844 1.8984 1.8984v9.1992c0 2.8008 2.1992 5 5 5 0.30078 0 0.60156 0 0.89844-0.10156v16.699l-69.492 0.003906zm35.398-37.801c1.1992 0 2.1992 1 2.1992 2.1992 0 1.1992-1 2.1992-2.1992 2.1992-1.1992 0-2.1992-1-2.1992-2.1992 0-1.1992 1-2.1992 2.1992-2.1992z\"><\/path>\n<\/svg>","title":"<p><strong>Celebrate your birthday<\/strong> (after all, it’s your special day!) <br\/>500 Journee password points<\/p>"}},"2de40a4e-a8ec-4e33-bc46-faf2bc00c293":{"type":"block","settings":{"icon":"<!--?xml version=\"1.0\" encoding=\"UTF-8\"?-->\n<svg width=\"40pt\" height=\"40pt\" version=\"1.1\" viewbox=\"0 0 100 100\" xmlns=\"http:\/\/www.w3.org\/2000\/svg\">\n <g>\n  <path d=\"m33.883 40.969c1.1602 0.67188 2.8828 1.168 4.7148 1.3711l0.58984 0.058594v2.1094c0 0.55078 0.44531 0.99219 0.99219 0.99219h2.3945c0.54297 0 0.99219-0.44531 0.99219-0.99219v-2.3008l0.49609-0.13281c4.0586-1.0195 5.4961-3.8125 5.4961-5.8867 0-3.8438-3.3164-5.4414-6.5625-6.5039-3.0508-1.0078-4.0234-1.6172-4.0234-2.5195 0-0.80859 0.93359-1.6172 3.0312-1.6172 2.3086 0 3.7539 0.65625 4.3672 0.94141 0.13281 0.058594 0.27344 0.09375 0.41016 0.09375 0.38281 0 0.73438-0.22656 0.90234-0.57031l0.94922-2.0078c0.11328-0.23047 0.125-0.51172 0.03125-0.75781-0.085937-0.25391-0.27344-0.44922-0.51172-0.5625-1.1406-0.53516-2.3789-0.88281-3.7773-1.0469l-0.58203-0.074219v-1.9961c0-0.54297-0.44531-0.98828-0.99219-0.98828h-2.3516c-0.54297 0-0.99219 0.44531-0.99219 0.98828v2.2227l-0.49609 0.125c-3.2734 0.82813-5.2305 2.9297-5.2305 5.6133 0 3.5391 3.5078 5.1172 6.9492 6.1992 3.1758 1.0352 3.6055 1.9297 3.6055 2.6719 0 1.1484-1.4844 1.9805-3.5273 1.9805-1.7383 0-3.6055-0.44531-5-1.1875-0.14453-0.078125-0.30469-0.11719-0.47266-0.11719-0.10547 0-0.21094 0.019531-0.31641 0.054687-0.25781 0.09375-0.47266 0.28516-0.58203 0.53516l-0.92188 2.0352c-0.20312 0.47266-0.03125 1.0156 0.41797 1.2695z\"><\/path>\n  <path d=\"m63.059 67.617c1.1602 0.67187 2.8828 1.168 4.7148 1.3711l0.58984 0.058594v2.1094c0 0.55078 0.44531 0.99219 0.99219 0.99219h2.3945c0.54297 0 0.99219-0.44531 0.99219-0.99219v-2.3008l0.49609-0.13281c4.0586-1.0195 5.4961-3.8125 5.4961-5.8867 0-3.8438-3.3164-5.4414-6.5625-6.5039-3.0508-1.0078-4.0234-1.6172-4.0234-2.5195 0-0.80859 0.93359-1.6172 3.0312-1.6172 2.3086 0 3.7539 0.65625 4.3672 0.94141 0.13281 0.058593 0.27344 0.09375 0.41016 0.09375 0.38672 0 0.73438-0.22656 0.90234-0.57031l0.94922-2.0078c0.11328-0.23047 0.125-0.51172 0.03125-0.75781-0.085938-0.25391-0.27344-0.44922-0.51172-0.5625-1.1406-0.53516-2.3789-0.88281-3.7773-1.0469l-0.58203-0.074218v-1.9961c0-0.54297-0.44531-0.98828-0.99219-0.98828l-2.3555 0.003907c-0.54297 0-0.99219 0.44531-0.99219 0.98828v2.2227l-0.49609 0.125c-3.2734 0.82812-5.2305 2.9297-5.2305 5.6133 0 3.5391 3.5078 5.1172 6.9492 6.1992 3.1758 1.0352 3.6055 1.9297 3.6055 2.6719 0 1.1484-1.4844 1.9805-3.5273 1.9805-1.7383 0-3.6055-0.44531-5-1.1875-0.14453-0.078125-0.30469-0.11719-0.47266-0.11719-0.10547 0-0.21094 0.019532-0.31641 0.054688-0.25781 0.09375-0.47266 0.28516-0.58203 0.53516l-0.91406 2.0352c-0.21094 0.47266-0.039062 1.0156 0.41406 1.2656z\"><\/path>\n  <path d=\"m29.355 92.316c10.953 0 20.234-7.2656 23.289-17.23 4.457 4.8906 10.875 7.9648 17.996 7.9648 13.434-0.003906 24.359-10.93 24.359-24.359 0-13.43-10.926-24.355-24.355-24.355-1.707 0-3.375 0.17969-4.9844 0.51562 0.10547-0.92187 0.16797-1.8594 0.16797-2.8086 0-13.43-10.926-24.355-24.355-24.355-13.43 0-24.355 10.926-24.355 24.355 0 4.8047 1.4062 9.2891 3.8164 13.066-9.293 3.4336-15.934 12.379-15.934 22.852 0 13.43 10.926 24.355 24.355 24.355zm41.289-54.004c11.234 0 20.379 9.1406 20.379 20.379 0 11.234-9.1406 20.379-20.379 20.379-7.1055 0-13.367-3.6602-17.016-9.1914 0.050782-0.63281 0.082032-1.2695 0.082032-1.9141 0-4.3984-1.1797-8.5234-3.2266-12.09 1.3828-9.9062 9.8828-17.562 20.16-17.562zm-29.172-26.648c11.234 0 20.379 9.1406 20.379 20.379 0 1.4062-0.14453 2.7812-0.41797 4.1094-6.7031 2.75-11.922 8.4023-14.07 15.391-0.007812 0.003906-0.015625 0.003906-0.023437 0.007812-4.457-4.8789-10.867-7.9453-17.98-7.9453-1.4844 0-2.9375 0.14062-4.3477 0.39453-2.4492-3.3633-3.9141-7.4883-3.9141-11.961-0.003906-11.234 9.1367-20.375 20.375-20.375zm-12.117 35.918c11.234 0 20.379 9.1406 20.379 20.379 0 11.238-9.1406 20.379-20.379 20.379s-20.375-9.1445-20.375-20.379c0-11.238 9.1406-20.379 20.375-20.379z\"><\/path>\n  <path d=\"m21.77 76.887c1.1602 0.67188 2.8828 1.168 4.7148 1.3711l0.58984 0.058594v2.1094c0 0.55078 0.44531 0.99219 0.99219 0.99219h2.3945c0.54297 0 0.99219-0.44531 0.99219-0.99219v-2.3008l0.49609-0.13281c4.0586-1.0195 5.4961-3.8125 5.4961-5.8867 0-3.8438-3.3164-5.4414-6.5625-6.5039-3.0508-1.0078-4.0234-1.6172-4.0234-2.5195 0-0.80859 0.93359-1.6172 3.0312-1.6172 2.3086 0 3.7539 0.65625 4.3672 0.94141 0.13281 0.058594 0.27344 0.09375 0.41016 0.09375 0.38281 0 0.73438-0.22656 0.90234-0.57031l0.94922-2.0078c0.11328-0.23047 0.125-0.51172 0.03125-0.75781-0.085937-0.25391-0.27344-0.44922-0.51172-0.5625-1.1406-0.53516-2.3789-0.88281-3.7773-1.0469l-0.58203-0.074219v-1.9961c0-0.54297-0.44531-0.98828-0.99219-0.98828h-2.3516c-0.54297 0-0.99219 0.44531-0.99219 0.98828v2.2227l-0.49609 0.125c-3.2734 0.82812-5.2305 2.9297-5.2305 5.6133 0 3.5391 3.5078 5.1172 6.9492 6.1992 3.1758 1.0352 3.6055 1.9297 3.6055 2.6719 0 1.1484-1.4844 1.9805-3.5273 1.9805-1.7383 0-3.6055-0.44531-5-1.1875-0.14453-0.078125-0.30469-0.11719-0.47266-0.11719-0.10547 0-0.21094 0.019531-0.31641 0.054687-0.25781 0.09375-0.47266 0.28516-0.58203 0.53516l-0.91406 2.0352c-0.21484 0.47266-0.042969 1.0156 0.41016 1.2695z\"><\/path>\n <\/g>\n<\/svg>","title":"<p><strong>While you shop on our site<br\/><\/strong>3 Journee passport points for every dollar spent<\/p>"}},"01761f57-2b5e-46b1-82b0-c9fc4dbe905f":{"type":"block","settings":{"icon":"<!--?xml version=\"1.0\" encoding=\"UTF-8\"?-->\n<svg width=\"40pt\" height=\"40pt\" version=\"1.1\" viewbox=\"0 0 100 100\" xmlns=\"http:\/\/www.w3.org\/2000\/svg\">\n <g>\n  <path d=\"m71.078 25.512c0 0.66016 0.26562 1.2969 0.73438 1.7656s1.1055 0.73438 1.7656 0.73438h5.6016c1.3828 0 2.5-1.1211 2.5-2.5 0-1.3828-1.1172-2.5-2.5-2.5h-5.6016c-1.3789 0-2.5 1.1172-2.5 2.5z\"><\/path>\n  <path d=\"m32.66 25.512c0 0.66016 0.26172 1.2969 0.73047 1.7656s1.1055 0.73438 1.7695 0.73438h5.6016c1.3789 0 2.5-1.1211 2.5-2.5 0-1.3828-1.1211-2.5-2.5-2.5h-5.6016c-1.3828 0-2.5 1.1172-2.5 2.5z\"><\/path>\n  <path d=\"m59.672 9.1016v-5.6016c0-1.3789-1.1211-2.5-2.5-2.5-1.3828 0-2.5 1.1211-2.5 2.5v5.6016c0 1.3789 1.1172 2.5 2.5 2.5 1.3789 0 2.5-1.1211 2.5-2.5z\"><\/path>\n  <path d=\"m71 8.1797l-4 4c-0.97656 0.97656-0.97656 2.5625 0 3.5391 0.97656 0.98047 2.5625 0.98047 3.5391 0l4-4c0.97656-0.97656 0.97656-2.5625 0-3.5391-0.97656-0.97656-2.5625-0.97656-3.5391 0z\"><\/path>\n  <path d=\"m45.57 16.41c1.0117 0 1.9258-0.60938 2.3125-1.543 0.39063-0.93359 0.17578-2.0117-0.54297-2.7266l-4-4c-0.97656-0.97656-2.5625-0.97656-3.5391 0-0.97656 0.97656-0.97656 2.5625 0 3.5391l4 4c0.46875 0.46875 1.1055 0.73437 1.7695 0.73047z\"><\/path>\n  <path d=\"m15.52 45.238c-2.7617 0-5 2.2422-5 5v43.762c0 1.3242 0.52734 2.5977 1.4648 3.5352s2.2109 1.4648 3.5352 1.4648h14.48c2.6289 0.007812 4.8164-2.0273 5-4.6484l3.1016 1.8594c2.9492 1.7695 6.3281 2.707 9.7695 2.7109h21.129c2.5547 0.027344 5.0898-0.48047 7.4414-1.4805 6.75-3 7.8086-8.2695 7.3086-11.77 3.5508-2.9844 4.8516-7.8711 3.25-12.223 1.6719-2.0234 2.5625-4.582 2.5-7.2109-0.10938-2.0547-0.82422-4.0352-2.0508-5.6875 1.5742-3.6211 0.65234-7.8438-2.2891-10.48-0.20703-0.19141-0.42188-0.375-0.64844-0.55078-1.1406-0.84375-2.4492-1.4258-3.8398-1.6992h-0.10938c-6.6289-1.4102-11.09-1.5-17.648-1.5-0.25-1.5117-0.23828-4.6797 1.7383-10.648 1.8281-5.5312 1.6719-10.102-0.48047-13.59v-0.003906c-1.7969-2.8242-4.7539-4.707-8.0703-5.1367h-0.3125c-2.3594-0.042968-4.457 1.4844-5.1484 3.7383-0.035156 0.11719-0.0625 0.23828-0.082031 0.35937l-0.75 5.3984v0.003906c-0.22266 1.6211-0.69531 3.1992-1.3984 4.6797l-7.2891 15.309c-1.1094 2.5625-3.3906 4.4258-6.1211 5v-1.1914c0-1.3242-0.52734-2.5977-1.4648-3.5352s-2.2109-1.4648-3.5352-1.4648zm0 48.762v-43.762h14.48v43.762zm20-37.539c4.5039-0.78906 8.3008-3.8008 10.102-8l7.2305-15.27c0.91797-1.9414 1.5352-4.0117 1.8281-6.1406l0.76953-5.0508c0.035156-0.035156 0.082031-0.058594 0.12891-0.070312 1.7656 0.28125 3.3281 1.2891 4.3125 2.7812 1.3203 2.1406 1.3203 5.3906 0 9.3906-1.9414 5.8398-2.5391 10.449-1.8008 13.711v-0.003906c0.46875 2.0703 2.3164 3.5352 4.4414 3.5195 6.6094 0 10.691 0.058594 17 1.3906h0.10156-0.003906c0.66797 0.12109 1.3008 0.38672 1.8516 0.78125l0.32031 0.26953c2.5586 2.3086 0.94141 5.2695 0.60156 5.8203h-0.003906c-0.66016 1.0352-0.47266 2.3945 0.44141 3.2109 0.97266 0.98438 1.5703 2.2773 1.6914 3.6602-0.058594 1.8594-0.87109 3.6172-2.25 4.8672-0.76953 0.81641-0.90625 2.0391-0.33203 3 0.10938 0.19141 2.6797 4.6602-2.4102 8.3984v0.003907c-0.875 0.65625-1.2266 1.8008-0.87891 2.8398 0.26953 0.80078 1.3281 4.8984-4.1602 7.3086-1.7422 0.72656-3.6133 1.082-5.5 1.043h-21.172c-2.5312-0.003906-5.0156-0.69531-7.1875-2l-5.6406-3.3828v-32z\"><\/path>\n  <path d=\"m25.809 86.219c0 4.0664-6.0977 4.0664-6.0977 0s6.0977-4.0664 6.0977 0\"><\/path>\n <\/g>\n<\/svg>","title":"<p><strong>Like our page on Facebook<\/strong> 50 journey passport points<\/p>"}},"2e265663-93a3-4577-8dc1-b279e3032be6":{"type":"block","settings":{"icon":"<svg xmlns=\"http:\/\/www.w3.org\/2000\/svg\" width=\"40pt\" height=\"40pt\" viewbox=\"0 0 31.5 31.5\">\n  <path id=\"Icon_awesome-facebook-square\" data-name=\"Icon awesome-facebook-square\" d=\"M28.125,2.25H3.375A3.375,3.375,0,0,0,0,5.625v24.75A3.375,3.375,0,0,0,3.375,33.75h9.65V23.041H8.6V18h4.43V14.158c0-4.37,2.6-6.784,6.586-6.784a26.836,26.836,0,0,1,3.9.34V12h-2.2a2.521,2.521,0,0,0-2.842,2.723V18h4.836l-.773,5.041H18.475V33.75h9.65A3.375,3.375,0,0,0,31.5,30.375V5.625A3.375,3.375,0,0,0,28.125,2.25Z\" transform=\"translate(0 -2.25)\"><\/path>\n<\/svg>","title":"<p><strong>Share our Facebook with a friend <\/strong>50 journey password points<\/p>"}},"70712f84-3a73-47c0-8aad-69157e0ae45f":{"type":"block","settings":{"icon":"<svg xmlns=\"http:\/\/www.w3.org\/2000\/svg\" width=\"50\" height=\"50\" viewbox=\"0 0 36 36\">\n  <path id=\"Icon_simple-instagram\" data-name=\"Icon simple-instagram\" d=\"M18,0c-4.89,0-5.5.023-7.42.108A13.273,13.273,0,0,0,6.21.945,8.815,8.815,0,0,0,3.021,3.021,8.783,8.783,0,0,0,.945,6.21a13.234,13.234,0,0,0-.837,4.37C.018,12.5,0,13.11,0,18s.023,5.5.108,7.42a13.281,13.281,0,0,0,.837,4.37,8.827,8.827,0,0,0,2.076,3.189A8.8,8.8,0,0,0,6.21,35.055a13.289,13.289,0,0,0,4.37.837c1.92.09,2.53.108,7.42.108s5.5-.022,7.42-.108a13.32,13.32,0,0,0,4.37-.837,9.2,9.2,0,0,0,5.265-5.265,13.281,13.281,0,0,0,.837-4.369C35.982,23.5,36,22.89,36,18s-.022-5.5-.108-7.42a13.312,13.312,0,0,0-.837-4.37,8.834,8.834,0,0,0-2.076-3.189A8.77,8.77,0,0,0,29.79.945,13.242,13.242,0,0,0,25.421.108C23.5.018,22.89,0,18,0Zm0,3.24c4.8,0,5.378.024,7.275.106a9.917,9.917,0,0,1,3.34.622,5.923,5.923,0,0,1,3.417,3.415,9.938,9.938,0,0,1,.619,3.34c.085,1.9.1,2.469.1,7.275s-.022,5.378-.111,7.275a10.13,10.13,0,0,1-.632,3.34,5.715,5.715,0,0,1-1.348,2.073,5.616,5.616,0,0,1-2.07,1.344,10.011,10.011,0,0,1-3.353.619c-1.911.085-2.473.1-7.288.1s-5.379-.022-7.288-.111a10.207,10.207,0,0,1-3.354-.632,5.574,5.574,0,0,1-2.069-1.348,5.466,5.466,0,0,1-1.35-2.07,10.215,10.215,0,0,1-.63-3.353c-.068-1.89-.092-2.473-.092-7.266s.024-5.379.092-7.292a10.2,10.2,0,0,1,.63-3.351,5.336,5.336,0,0,1,1.35-2.071A5.324,5.324,0,0,1,7.313,3.917a9.963,9.963,0,0,1,3.332-.632c1.913-.068,2.475-.09,7.288-.09L18,3.24Zm0,5.517A9.243,9.243,0,1,0,27.243,18,9.242,9.242,0,0,0,18,8.757ZM18,24a6,6,0,1,1,6-6A6,6,0,0,1,18,24ZM29.769,8.392a2.16,2.16,0,1,1-2.16-2.158A2.162,2.162,0,0,1,29.769,8.392Z\"><\/path>\n<\/svg>","title":"<p><strong>Follow us on Instagram<br\/><\/strong>50 Journee passport points<\/p>"}},"97d96eeb-fed8-4214-8bfe-8a2e07e269d4":{"type":"block","settings":{"icon":"<!--?xml version=\"1.0\" encoding=\"UTF-8\"?-->\n<svg width=\"40pt\" height=\"40pt\" version=\"1.1\" viewbox=\"0 0 100 100\" xmlns=\"http:\/\/www.w3.org\/2000\/svg\">\n <g>\n  <path d=\"m90.531 14.969h-82.234c-2.6406 0-4.7812 2.1406-4.7812 4.7812v51.562c0 2.6445 2.1367 4.7891 4.7812 4.7969h9.7344v12.953c0.003906 0.62891 0.38672 1.1992 0.96875 1.4375 0.1875 0.085938 0.39062 0.12891 0.59375 0.125 0.41406 0.003906 0.81641-0.16016 1.1094-0.45312l14.062-14.062h55.781c2.6328-0.015625 4.7578-2.1484 4.7656-4.7812v-51.562c0.003906-1.2695-0.49609-2.4922-1.3945-3.3906-0.89844-0.89844-2.1172-1.4062-3.3867-1.4062zm1.6562 56.359c0.003906 0.44141-0.16797 0.86719-0.48047 1.1797-0.30859 0.31641-0.73438 0.49219-1.1758 0.49219h-56.438c-0.41016 0-0.80078 0.16406-1.0938 0.45312l-11.844 11.844v-10.734c0-0.41406-0.16406-0.8125-0.45703-1.1055s-0.69141-0.45703-1.1055-0.45703h-11.297c-0.91797-0.007812-1.6562-0.75391-1.6562-1.6719v-51.562c0-0.91406 0.74219-1.6562 1.6562-1.6562h82.234c0.4375-0.003906 0.85938 0.16797 1.1719 0.47656 0.30859 0.30469 0.48438 0.72656 0.48438 1.1641z\"><\/path>\n  <path d=\"m31.344 50-4.5781-0.65625-2.0312-4.0312c-0.45312-0.92969-1.3945-1.5195-2.4297-1.5195-1.0352 0-1.9766 0.58984-2.4297 1.5195l-2.0469 4.1406-4.5625 0.54688c-1.0547 0.11719-1.9492 0.83594-2.2852 1.8438-0.33594 1.0078-0.054688 2.1172 0.72266 2.8438l3.3125 3.2188-0.73438 4.5938c-0.125 0.78125 0.10156 1.5781 0.61719 2.1797 0.51172 0.60156 1.2656 0.94531 2.0547 0.94531 0.44141-0.003906 0.875-0.11328 1.2656-0.3125l4.0781-2.1562 4.0938 2.1562c0.90234 0.47266 1.9961 0.39453 2.8281-0.19922 0.82812-0.59375 1.25-1.6055 1.0938-2.6133l-0.78125-4.5469 3.2812-3.2656c0.78906-0.71875 1.082-1.8398 0.74219-2.8516-0.33594-1.0156-1.2422-1.7344-2.3047-1.8359zm-4.1406 5.7656c-0.64062 0.61719-0.93359 1.5117-0.78125 2.3906l0.67188 3.9375-3.5312-1.8594c-0.39062-0.20312-0.82422-0.3125-1.2656-0.3125-0.44141 0.003906-0.875 0.10938-1.2656 0.3125l-3.5312 1.9219 0.67188-3.9375c0.14844-0.875-0.13672-1.7656-0.76562-2.3906l-2.8594-2.7969 3.9531-0.57812c0.89844-0.14062 1.6641-0.73047 2.0312-1.5625l1.7656-3.5781 1.7656 3.5781c0.37109 0.83594 1.1406 1.4258 2.0469 1.5625l3.9531 0.57812z\"><\/path>\n  <path d=\"m57.438 50-4.5625-0.65625-2.0469-4.0312c-0.45312-0.92969-1.3945-1.5195-2.4297-1.5195-1.0352 0-1.9766 0.58984-2.4297 1.5195l-2.0312 4.1406-4.5781 0.54688c-1.0625 0.10156-1.9688 0.82031-2.3047 1.8359-0.33984 1.0117-0.046876 2.1328 0.74219 2.8516l3.3125 3.2188-0.71875 4.5938c-0.18359 1.0195 0.23438 2.0547 1.0742 2.6641 0.83594 0.60938 1.9492 0.68359 2.8633 0.19531l4.1094-2.2031 4.0781 2.1562c0.39062 0.19922 0.82422 0.30859 1.2656 0.3125 0.5625-0.007812 1.1055-0.1875 1.5625-0.51562 0.83984-0.60547 1.2578-1.6367 1.0781-2.6562l-0.78125-4.5469 3.3125-3.2188c0.77734-0.72656 1.0586-1.8359 0.72266-2.8438-0.33594-1.0078-1.2305-1.7266-2.2852-1.8438zm-4.125 5.75c-0.64062 0.625-0.93359 1.5234-0.78125 2.4062l0.67188 3.9375-3.5312-1.8594c-0.39062-0.20312-0.82422-0.30859-1.2656-0.3125-0.44141 0-0.875 0.10938-1.2656 0.3125l-3.5312 1.8594 0.67188-3.9375c0.15234-0.87891-0.14062-1.7734-0.78125-2.3906l-2.875-2.7344 3.9531-0.57812c0.90234-0.14062 1.6758-0.72656 2.0469-1.5625l1.8125-3.5 1.7656 3.5938c0.39453 0.80078 1.1641 1.3477 2.0469 1.4688l3.9375 0.57812z\"><\/path>\n  <path d=\"m83.578 50-4.5625-0.65625-2.0469-4.0312c-0.45312-0.92969-1.3945-1.5195-2.4297-1.5195-1.0352 0-1.9766 0.58984-2.4297 1.5195l-2.0469 4.1406-4.5625 0.54688c-1.0625 0.10156-1.9688 0.82031-2.3047 1.8359-0.33984 1.0117-0.046874 2.1328 0.74219 2.8516l3.2969 3.2188-0.71875 4.5938c-0.125 0.78125 0.10156 1.5781 0.61719 2.1797 0.51172 0.60156 1.2656 0.94531 2.0547 0.94531 0.44141-0.003906 0.875-0.10938 1.2656-0.3125l4.0938-2.1562 4.0781 2.1562c0.90234 0.47266 1.9961 0.39453 2.8281-0.19922 0.82812-0.59375 1.25-1.6055 1.0938-2.6133l-0.76562-4.5469 3.2969-3.2656c0.78906-0.71875 1.082-1.8398 0.74219-2.8516-0.33594-1.0156-1.2422-1.7344-2.3047-1.8359zm-4.1406 5.7656c-0.63672 0.62109-0.92578 1.5156-0.78125 2.3906l0.67188 3.9375-3.5312-1.8594c-0.78906-0.41406-1.7266-0.41406-2.5156 0l-3.5312 1.8594 0.67188-3.9375c0.14844-0.875-0.14453-1.7695-0.78125-2.3906l-2.8594-2.7969 3.9531-0.57812c0.89844-0.14062 1.6641-0.73047 2.0312-1.5625l1.7812-3.5781 1.75 3.5781c0.37109 0.83594 1.1445 1.4219 2.0469 1.5625l3.9531 0.57812z\"><\/path>\n  <path d=\"m9.375 23.438h25v3.125h-25z\"><\/path>\n  <path d=\"m9.375 29.688h79.688v3.125h-79.688z\"><\/path>\n  <path d=\"m9.375 35.938h51.562v3.125h-51.562z\"><\/path>\n <\/g>\n<\/svg>","title":"<p><strong>Attach a picture to your review<\/strong><\/p><p>100 Journee passport points<\/p>"}}},"block_order":["122a368b-2ba8-4ab9-9039-0ec1d024a899","fd7a360c-209e-4abb-8090-b99fe6a12090","2de40a4e-a8ec-4e33-bc46-faf2bc00c293","01761f57-2b5e-46b1-82b0-c9fc4dbe905f","2e265663-93a3-4577-8dc1-b279e3032be6","70712f84-3a73-47c0-8aad-69157e0ae45f","97d96eeb-fed8-4214-8bfe-8a2e07e269d4"],"settings":{"visible":true,"ptop":130,"pbottom":125,"ptop_mob":0,"pbottom_mob":45,"sectionbg":"#ffffff","image":"shopify:\/\/shop_images\/Cha-_Ching.jpg","title":"Cha-Ching!","subtitle":"<p>How to collect Journee Passport points<br\/>you can turn into credit on your purchases...<\/p>","btn_label":"","btn_link":"#","bottom_text":"<p>Even after cashing in on your passport points, you’ll never have to go down a level. You can continue to rise through the ranks and collect points to unlock more exclusive discounts…<\/p><p>Pretty neat, right?<\/p>","scroll_btn_label":""}},"faq-custom":{"type":"faq-custom","blocks":{"7acc778d-73c2-4aec-941b-846fd62e20e1":{"type":"faq","settings":{"title":"What is Journee Passport?","content":"<p>Journee Passport is an all access club for VIP shoppers. After joining, you can earn points that can be redeemed as credit on your purchases. You can also raise your status in the club to unlock early access to our sales, giveaways, and more.<br\/><\/p><p><\/p>"}},"58e9a8e1-5cce-4435-bfc6-0c87aba6b33e":{"type":"faq","settings":{"title":"How do I redeem my points?","content":"<p>Once you’ve added your items to your cart, log in to your Journee Passport account. If you have a discount available on your account, our intuitive program will ask you if you’d like to redeem your points or save them for later.<\/p>"}},"9e530b93-6533-41db-bc9a-3e3e33e29a3a":{"type":"faq","settings":{"title":"I just redeemed all of my points. Did I lose my status?","content":"<p>Like a true fashion icon, you’ll never lose your status. Even though your points are recalculated after redeeming a discount, your status will continue to climb.<\/p>"}},"ebdcce9e-82cb-4e3b-afa2-6eb6fa33b3ff":{"type":"faq","settings":{"title":"I’m a globe-trotter and I just redeemed all of my points, will I still get exclusive discounts?","content":"<p>Of course! You will continue to be issued exclusive discounts as you collect points. Discounts can be redeemed whenever you earn 500 points. You can use your discount right away or save them for a bigger discount down the road.<\/p>"}},"6eb7ce9a-2990-4d51-83d1-008e32f51238":{"type":"faq","settings":{"title":"When can I redeem my points?","content":"<p>You can redeem 500 points for $5. If you choose to save your points, you can redeem a greater discount down the road. For example, if you have $1000 points, you can redeem a $10 discount, if you have $1,500 points, you can redeem them for a $15 credit, and so on.<\/p>"}}},"block_order":["7acc778d-73c2-4aec-941b-846fd62e20e1","58e9a8e1-5cce-4435-bfc6-0c87aba6b33e","9e530b93-6533-41db-bc9a-3e3e33e29a3a","ebdcce9e-82cb-4e3b-afa2-6eb6fa33b3ff","6eb7ce9a-2990-4d51-83d1-008e32f51238"],"settings":{"visible":true,"ptop":75,"pbottom":100,"ptop_mob":45,"pbottom_mob":45,"sectionbg":"#fafafa","title":"Frequently Asked Questions"}},"ea-product-giftcard-main":{"type":"ea-product-giftcard-main","settings":{"ptop":0,"pbottom":45,"ptop_mob":45,"pbottom_mob":45,"sectionbg":"#ffffff","info":"","info2":"","recharge_info":"","zoom_image":true}}},"content_for_index":["1599594683286","1588196746310","1599831196104","1599829807560","1599676099621","1599679188180","16032156250e88de40"]}}