[{"type":"products","group_list":[{"id":"group-kfw8eqmt","type":"group","hide":false,"repeatable":false,"collapsed":false,"title":"Size Chart","description":"","color":"rgba(255,255,255,0)","position":"body","group_layout":"block","total_columns":"1","applies_to":[{"label":"All types","value":"all"}],"metafields":[{"id":"field-kfw8g20f","type":"text","hide":false,"repeatable":false,"namespace":"eat","key":"size-chart-desktop","label":"Size Chart Desktop","instructions":"","applies_to":[{"label":"All types","value":"all"}],"container":"group-kfw8eqmt","text_size":1,"step":1,"max":10,"min":1,"date_format":"dd-mm-yyyy","multi_selection":false,"selection_values":[],"use_icon":false,"number_value_type":"string","repeated_value":{"12146013578":"[\"https:\/\/cdn.shopify.com\/s\/files\/1\/2100\/4797\/files\/SANORA_chart.png?v=1603403682\"]","4753150607444":"[\"https:\/\/cdn.shopify.com\/s\/files\/1\/2100\/4797\/files\/ShoeSize_chart1000.jpg?v=1603405242\"]"},"normal_value":{"12146013578":"https:\/\/cdn.shopify.com\/s\/files\/1\/2100\/4797\/files\/SANORA_chart.png?v=1603403682","4753150607444":"https:\/\/cdn.shopify.com\/s\/files\/1\/2100\/4797\/files\/ShoeSize_chart1000.jpg?v=1603405242"}},{"id":"field-kfw8i2kf","type":"text","hide":false,"repeatable":false,"namespace":"eat","key":"size-chart-mobile","label":"Size Chart Mobile","instructions":"","applies_to":[{"label":"All types","value":"all"}],"container":"group-kfw8eqmt","text_size":1,"step":1,"max":10,"min":1,"date_format":"dd-mm-yyyy","multi_selection":false,"selection_values":[],"use_icon":false,"number_value_type":"string","repeated_value":{"12146013578":"[\"https:\/\/cdn.shopify.com\/s\/files\/1\/2100\/4797\/files\/SANORA_chart.png?v=1603403682\"]","4753150607444":"[\"https:\/\/cdn.shopify.com\/s\/files\/1\/2100\/4797\/files\/ShoeSize_chart1000.jpg?v=1603405242\"]"},"normal_value":{"12146013578":"https:\/\/cdn.shopify.com\/s\/files\/1\/2100\/4797\/files\/SANORA_chart.png?v=1603403682","4753150607444":"https:\/\/cdn.shopify.com\/s\/files\/1\/2100\/4797\/files\/ShoeSize_chart1000.jpg?v=1603405242"}}]},{"id":"group-kg9gxbua","type":"group","hide":false,"repeatable":false,"collapsed":false,"title":"Calf Width","description":"","color":"rgba(255,255,255,0)","position":"body","group_layout":"block","total_columns":"1","applies_to":[{"label":"All types","value":"all"}],"metafields":[{"id":"field-kg9gst22","type":"checkbox","hide":false,"repeatable":false,"namespace":"global","key":"has_multiple_width","label":"Has Multiple Width?","instructions":"","applies_to":[{"label":"All types","value":"all"}],"container":"group-kg9gxbua","text_size":1,"step":1,"max":10,"min":1,"date_format":"dd-mm-yyyy","multi_selection":false,"selection_values":[],"use_icon":false,"number_value_type":"string","repeated_value":{"12146013578":"[\"true\"]","4753150607444":"[\"true\"]"},"normal_value":{"12146013578":"true","4753150607444":"true"}},{"id":"field-koavaubp","type":"text","hide":false,"repeatable":false,"namespace":"global","key":"normal_width_product","label":"Medium Width Product Handle","instructions":"","applies_to":[{"label":"All types","value":"all"}],"container":"group-kg9gxbua","text_size":1,"step":1,"max":10,"min":1,"date_format":"dd-mm-yyyy","multi_selection":false,"selection_values":[],"use_icon":false,"number_value_type":"string","repeated_value":{"12146013578":"[\"SANORA\"]","4753150607444":"[\"VELLIA\"]"},"normal_value":{"12146013578":"SANORA","4753150607444":"VELLIA"}},{"id":"field-kg9gvvev","type":"text","hide":false,"repeatable":false,"namespace":"global","key":"wide_width_product","label":"Wide Width Product Handle","instructions":"","applies_to":[{"label":"All types","value":"all"}],"container":"group-kg9gxbua","text_size":1,"step":1,"max":10,"min":1,"date_format":"dd-mm-yyyy","multi_selection":false,"selection_values":[],"use_icon":false,"number_value_type":"string","repeated_value":{"12146013578":"[\"SANORA-WC\"]","4753150607444":"[\"VELLIA-WC\"]"},"normal_value":{"12146013578":"SANORA-WC","4753150607444":"VELLIA-WC"}},{"id":"field-kg9gwa67","type":"text","hide":false,"repeatable":false,"namespace":"global","key":"extra_wide_width_product","label":"Extra Wide Width Product","instructions":"","container":"group-kg9gxbua","text_size":1,"step":1,"max":10,"min":1,"date_format":"dd-mm-yyyy","multi_selection":false,"selection_values":[],"use_icon":false,"number_value_type":"string","applies_to":[{"label":"All types","value":"all"}],"repeated_value":{"4753150607444":"[\"VELLIA-XWC\"]"},"normal_value":{"4753150607444":"VELLIA-XWC"}}]}]},{"type":"pages","group_list":[]},{"type":"blogs","group_list":[]},{"type":"product-variants","group_list":[]},{"type":"customers","group_list":[]},{"type":"posts","group_list":[]},{"type":"collections","group_list":[{"id":"field-kgx67zt3","type":"file","hide":false,"repeatable":false,"namespace":"global","key":"banner_image","label":"Banner Image","instructions":"","applies_to":[{"label":"All types","value":"all"}],"container":"list","text_size":1,"step":1,"max":10,"min":1,"date_format":"dd-mm-yyyy","multi_selection":false,"selection_values":[],"use_icon":false,"number_value_type":"string","repeated_value":{},"normal_value":{}},{"id":"field-kgx68kzo","type":"file","hide":false,"repeatable":false,"namespace":"global","key":"banner_image_mobile","label":"Banner Image Mobile","instructions":"","applies_to":[{"label":"All types","value":"all"}],"container":"list","text_size":1,"step":1,"max":10,"min":1,"date_format":"dd-mm-yyyy","multi_selection":false,"selection_values":[],"use_icon":false,"number_value_type":"string","repeated_value":{},"normal_value":{}},{"id":"field-kii0dmb9","type":"text","hide":false,"repeatable":false,"namespace":"collection","key":"title","label":"Title","instructions":"","applies_to":[{"label":"All types","value":"all"}],"container":"list","text_size":1,"step":1,"max":10,"min":1,"date_format":"dd-mm-yyyy","multi_selection":false,"selection_values":[],"use_icon":false,"number_value_type":"string","repeated_value":{},"normal_value":{}},{"id":"field-kii0e0lg","type":"color","hide":false,"repeatable":false,"namespace":"collection","key":"color","label":"Color","instructions":"","applies_to":[{"label":"All types","value":"all"}],"container":"list","text_size":1,"step":1,"max":10,"min":1,"date_format":"dd-mm-yyyy","multi_selection":false,"selection_values":[],"use_icon":false,"number_value_type":"string","repeated_value":{},"normal_value":{}},{"id":"field-kii0fxu4","type":"selection","hide":false,"repeatable":false,"namespace":"collection","key":"content_pos","label":"Position","instructions":"","applies_to":[{"label":"All types","value":"all"}],"container":"list","text_size":1,"step":1,"max":10,"min":1,"date_format":"dd-mm-yyyy","multi_selection":false,"selection_values":["Top Left","Top Center","Top Right","Middle Left","Middle Center","Middle Right","Bottom Left","Bottom Center","Bottom Right"],"use_icon":false,"number_value_type":"string","repeated_value":{},"normal_value":{}},{"id":"field-kii0ku1m","type":"selection","hide":false,"repeatable":false,"namespace":"collection","key":"mob_content_pos","label":"Position (Mobile)","instructions":"","applies_to":[{"label":"All types","value":"all"}],"container":"list","text_size":1,"step":1,"max":10,"min":1,"date_format":"dd-mm-yyyy","multi_selection":false,"selection_values":["Top Left","Top Center","Top Right","Middle Left","Middle Center","Middle Right","Bottom Left","Bottom Center","Bottom Right"],"use_icon":false,"number_value_type":"string","repeated_value":{},"normal_value":{}}]},{"type":"orders","group_list":[]},{"type":"shop","group_list":[]}]